UserID,UserFollowersID,UserFollowingID
e0f90acf72e9495b93922df9,fbf97d1838084cdf8bdbe8ac,3d6b91276d6d4a78b39cb4b0
5ea1900166fe4029a1521f0f,84fd3b668db6409487591155,76080163f35046af99035826
81577b198dea4af78cb23e36,aedc056bedaa42c2a798c87c,4ffaf5d0db464e259577ecfd
d2ed5000d8e34fefbfaef605,ac01089a6daf4c0b9a680382,627a7c2e42364932ae445a13
4266fa7da1ce4c0aa0a15e8a,ff70f4589508480bb463d68e,553270f16a0845a2837d6ccd
bf578acd61d2402d94a6c849,803983de0b2a48ec8e09cbe0,384b358ea10d463bb2d6a962
8a1c652cb88f4ce5bea2f77a,0c3e8ab331b54807be93b903,d20174b83c3f48b880d319e9
c8f485e4629140f6a86143e4,d31805d1056944f9bd7f5c74,00bdbbee272641b088607f41
d17f4cf850d34a6388872153,9ef2433bfa33414594c785fd,e896792cd7c94c66a8f24728
bed0b0a97ae14d4586da677b,8230dcc9fea8402c90eb01e7,102d9fe996d5466bb59abbf9
9b230ad7547c4f2d841bac77,43b99a2f52b3444b9b3f5878,e557b2d944be4479aabcc11e
89d9aea05d6148c2a114ae42,192d38228e7e4c1c818a91da,96bf9e13c4ef489bbc91c733
d0108b07584c4ac6b525157f,cfe599f4c3cd45b5801f4ad0,f6fd19dfa63b4e21aabadb98
8b1628cb59124dcabd34ea23,8200ea76c19446889c0f8e10,12713ab8a9474d5d9ed5eb25
0592d50b43e74b5896bb80dc,d95b74910ca34d42ad1c2fec,6582fbbe30554b80a190a181
ca7695aa96f243dc974d9587,fb7f0517333a425e8a784f7c,8e4ba1249a29431d96059f89
d23cad4c2c5148e2a7945b25,8f3b40f0f132417f9675562f,b73900ce60ad4dc3b64b07a5
f47878ae3419471b8033bcaf,37ee3e5029524f36850892b3,4ed1e2dfe740450f8193a8a6
186d64c0269b4a3d896f4f7f,5dfdaa6dc431438e8cdf788f,b1b5143af43e41c0ae37d303
d884857a3d4d40289292be20,afe53ccb49d8471c8c5a81cf,f2f6f94832414655aae0bd95
e6c8066f8cb64587a4a0a2b8,eb6c4a66b49c46a0860b821a,21984e3c770b4428a45d5418
3c6b8fe7c9ab4600abb54bee,36786437e4d84994b2c2de70,e1c7fbfef8c7497e950c2a07
e553a513df074c3eb3537ca1,0372c6397c104caba4f7b716,06933eb1e7af44a393f0c67b
863d9136c5e04720877d24f8,f0ee358765ea43c7867a1c95,46a3a03b9369449e845391cc
f10125d9fa1c4acd838d833a,b42c33ab0a4a435ab49f9f21,bdfe173de0ee4697a72e3198
97f8b5759ef7454d9de76028,043b9d515d314013ae815ab5,92e15cf87453482a9262c769
b25b19c8eefe4cdcaab81cba,269e0c54e54a42868d526d5e,ed2d450c1b75430799ebd164
91406a9ce2314b7c8d4cf999,754d7147cb78425e9eb7c00a,00557c76d5404fa1a530aaae
cba0c964bd264f2b92d3c7ed,1d9d9f4f9112452485fa0198,68d41c143d124999be7c0408
29a9e315da5042e2abdbbf5a,66c7ef0bc23b436b980c686b,06d69db5b05247d0bbcc3a07
bc137ddba8584ea096bebd5c,da1aa62ad7664cafbacd73a0,0b3aa67257f1422087f4cb24
56846cd06b9848cfbc5586f4,dafb7a5ce9994a4eb06660a1,6848e81322594751a2c7ba19
7f351868f3e348ee89183b36,f90cf6cde4564111846eb2fe,b8d7032d9e904d5f8574310b
60d65ff6a2f0450398183f7e,111b9d31edd44799a002f241,a95106d457184beabbff84f1
234787458fc94e04b771db10,1914cf6d85e94454908d20ef,b4501d53058d4965b9de2897
2ceb27050eef4e298663f849,763efff661c748d4a74143dd,7bd77c5c33a141b981227506
287cce98d62b4f6faeee45ea,f8b10858c7d04817a6c93e6d,ca8d0341f6d140efbc198376
69c9895ffcf94be48ceb0cf1,c407ec0d7f854e5da4acc706,730ffa9afae84d81800b6886
6d92f21a4c174d70bce2d3ae,cef2e51753b24890b757eae6,9d948b704a4140c788a9bf28
c54433c5b91640ff874d9924,17e6f1e54af04b6887bd5e52,08ecfdbbf57945899d390e04
44d5c415bbed4ed2b3f4e550,d981054aea9d4af3b3e1e748,dd31b533fb5742539f9869aa
6249fc97852f40f1876b469f,012a01d31b2a4390b470b992,02ecf8b532b24ee59a9a8d69
e7e625354a814144b580956f,39bb1e9d9ff14066ae9c8ffe,a0212abcec2e4cd4845c5f27
f7d09038f9db48ce8b5c2070,ffee45b210d349b5ac992ded,0899d3ffdc824c7e93bacf8c
d8d8caff2558446ea7049b4b,97f8ed982c8c497998e7d302,391675cf535c4bd7a137ca83
d6d3cbb9a8c048e390a33a22,bc1d0e8f625c4ff09fc5128c,2c63e70e1ca140279251daa5
d142d2768f164da3a3c4bf42,efcedd96839247cbbe609f95,2799ee0f877243a994d68f32
26b78aaee24c4183ac4697e8,75ed94c1bd72466ea15aa851,b89a30632915421497e3be92
4974a5195f3f419e98071390,6c66314974ed49e1b8f1022e,a7258e36d320476ab25d9649
18a48444e02242fa9ebf6875,16880cc03cd94d89b53eefec,75f4bcdb31ff4f2981933513
930b7696d47d446991acf64f,2927aa736e844baaa33df2b1,80cd53ce38644578875632e2
9cf5a877ff2d4ebfbeaf4bab,d19b7296801147c1af7fd2da,d1cbed3e52b8429e8e4ed95b
0fcf8d5bd360483794c1c14d,94e3262800bc48e0af377457,742c3ffcca0842ba92688bbe
128669d0ae52483cb70b0c0b,71b8c591746e4322adc57fd3,b8bb5a3ca5594253b31e41d0
3b05dcce1d1f4ea0b5fe3a03,1f14d7ea3e574f86bb87306f,781f36c6f1c14d0ebbff1301
0e227f83b77248d69086ef31,bac33ea853d840aabc116a54,0900105b677c4be8be03eeee
1bdbbe1782384c8491d35658,80930870fce34bcf8cf95b65,61f365350def48eebe499765
23a4d62a26574342836c6f3d,5eaa0e42e5ca435487f982ce,618de65c0889427c863bc1dc
71097dc7297a4d999e88b2c3,fd98e826ed314a0ba02088cf,c26f3779675c4fbe9e82a20e
54627409f3b843e1b5556136,caad441778ae4b39a3f6a697,a42e974abfab48eaaa76a264
f2cadf5c5a054219942fb6a7,f97679a53a1a4bd8a8451951,8957dc56a3b94e2db1cd0c37
b14bf84405264a21a319bd94,59f9ae1544ef456c9726ed16,a917e785538440f4a8e52126
74299535dffe4e63b268aa61,428c132468014af094c41dde,b36bd4b2d7ac41d58722da1f
3f89b5ad6e9641518ef03f20,9e68b6f756614aa08bf11a2a,3c66d46f916942d5be982a80
420eb9438ab946c4864951b2,8b26ac46361c436fb2f2a9f1,64c70afba1a64b5ea84f3613
0bdd24f9b8bc4d2c83d56d6e,71426c3d1a454ce88c2c69b9,63c32c184ba44f988a40f516
eb84a53d7a4c45a59cdb6157,d4e412f5e740494a8e91782d,2287e6dff4484d748d3325c3
9f5aa7a79a7344009aaff89a,5496c30dba63495494f9cf2f,d4eb6e33ddc843248ad28398
103bde2a6573442f938bc0bc,9417674423d347688e2b8390,9fc06b86ef8845358d67e110
ad3cc05eaefc4e2aa7e8a895,1d93dbb2ed0e4caa9db424e2,21189d263d34430385feecff
910612e032f446379b4e4952,2c7db94bc385407387a1f3d7,893d328c8f2643d4832101c8
9c5739e008b74c1087aaec43,d0f6b085dc82424cbb736dcb,0f61740e895e4009991b3508
aa12789a2eb64b97893a86de,849368e80c4345a9b3fefc71,78aab38c08794dfe9a1d2fc4
fd3692e9f31c44a09637f28f,f0e83328cbe04cabb623431b,687ff61e1c984ee6be0fbe5e
43f8ffc60a014d1183200493,416451b3603b4a168461c6aa,78ba6d98707e4ff6a890a09a
b355d1d4319d47eaa2311012,474a7398f57245b0b294de05,2c98a42299c54681b6283863
f981d3052cef48caa79f254a,88aee54306b54072bfa8ead7,77c6e8a6ea0e4396944285ee
bb7ffe84478141e6addb6f95,1f0d07de04be48088915ec69,dde2b2d017a4453caf77ea5e
16864b99af1340149e10ea45,390986abe5cb4b33aa926afc,619d6ece004b46c8b4c27364
623287e238ef494b98121590,262fcf3d1ae945e2aa60165b,b89284944a7e40a5a25cb925
65106c2d93e3444390c3e749,3e3e73107a17447fa39f39f4,de4e7a65306f41c1b088a517
6d7d910fb6a449e18863fadc,49d893906c3e4568b05f7287,c5da6d094ecb496fb0ca14c5
26285253ff554ceb9bfde0d8,319dc6cf9a8a4a06b961c05e,73b8a260c2c14a13844a4787
2bbc55f11147411ebbdc8d44,37fe1556e12f4adb8cbac6d0,a1b83813e8e5456888198fef
9b2afcd7c47c4e60b06f9c84,d28d111758674854a31ced6a,a36c3b1712c94524875243eb
0f1d1feb963b4b7bb1a60be9,24538efc485f481492bd9af6,1684af85289140ba8df928d9
d77ba90d60064aebbf5cbf4d,1029f291cfd441cc817320eb,5925f2e8c08a4f22974d7e28
0a4076b9900d427a93503e8d,3ba280135b664025b9845ae5,60afd237979d4937af5b8a33
186e32d849d84ebabfc7dc1c,c6e4fb43e16249dbaebf9328,186547a64df54711ba028b84
cfe528e6713a46a38d9209ec,676810dddbfd41798290f43c,01b8748cc0d94e689f685b79
277db2946b2e473d916d45b3,a2e29a87222f4349996eb07d,4dd2a0ecd43a4279b71a73c0
c90ef0efe12a4113b7fbc41a,91756506878841afb6025c23,a4a57ff52ae14d94b76a2256
67698faeb63a489ba49ace9e,fd90cdaeda5a4c2ba8c33a4d,6da10119ea13476e89f423b2
49bd780cb892480fb6713e90,e16c98b4a737435cadde3189,d9b53abc66cc4598bed0b8d1
c822e4d5ceb542009f38af8f,901879ffafd447e784882ce2,bfb1bb1554404a71983d0863
ecd9076ab78b4e04805a790d,2e8c475b316240aaa761e816,881c9064628d4a389895fc12
822e2da49c204c2eb46ff160,4ff1281fec5349f1bbf7eb80,c6a0f420e3924ad5a792291b
8a0e62014ce944efb57bd3ba,aa8ea20932fd4ff7bff715b1,1a90255fc30e439194a0429d
f8a875ce544e4444aac428bf,dbc11790415b419d82e97dbe,8e4257ec45d24655a240b0f5
d827b0c3845742dc9c27c5a3,4cb0fde231a64a88a82af420,187fcda5375d4c8d884724da
6dff1c1b0f2e48dba340d8ac,caff7437af3d4d169f05b900,4f8de57d465f4db2b6901af4
e933043a5d3d4b0ea0478082,ff696c9ced614ed0b32f6186,4f9c4bbdaec841f6aebbb88d
f8aec3f0b2484164b06b7954,894aef2f4f3f4d378ca5fd79,6b895d807d7a4962ac60da27
0e5c7f439c3749388fe80b87,e9e1793ec8554fe68a054778,a00650bd30de4bfab181ee0f
6fa106eb36b747109ba4f218,4263a83c37af4ed9a4156cfa,ed7d704005344c6882229b6f
03bdb0c2aa9641ffb6c04839,d906612b62ac49f98db74126,051b842f400d41ab9cad0a6c
dfe8192d5d1442fdb96ff704,8a98f65bac7842afbd7f821e,93450ec64df449b79f74cfcb
7f65341586d4467985b70e93,e6ef480ad6f24c64a25413b4,443da64751104f389031c50e
2591f1cf90bd480b96ddfc4b,e81f33b94673420f96b50b5b,ceec1a005f184ac3a02bdebf
626c557bb6264691a151372d,9b6f276151c04bf7aacfce58,d03f80a847914c1da55f510c
f877dd7b617b4a198a43b9c8,9846035a3e72449fa364cf3b,a895b9129d92438b8d2f5519
28d3e270ae0a4d57b1be6d2e,01444d74037b44a895e2e295,0da22ebd7eef4335a1df9274
e39cfb87e9004e62a1d0c693,5da867158a454c45971ceeb6,ef7b3f4fb57746718fcd819a
70da1390eb9140f5a07b6db7,d1594a98f2854a65a917e839,f94193bdd3ef4135889dbcbc
7e58eab43b844b6cb5bb254f,c9c9170230fe4fcd9b63a901,1c81c351d3444b1288f7a6b2
b12e807cd9244fcda133bc0a,23017443ee9041ffa65c4bd8,d6eb3434198746cf941ec4d8
2470e476ade1431f8c7dc64c,0f03f4a7dfbf427a9edb34ed,db128e37228147419da774ca
e2998293bb3c4a53b76b42fe,1c56af7605e2485e9d120700,3faf7d16e7314082b74cb443
ff11208e91d244608bca08ed,f7874ec807c24250801f5f37,27b4113a93cb4956b690d72a
dea27dc2ed8c46268265a0b5,2c0e9c402b164568ab792b32,3c878491a52f4aa6a6a04c86
498dec303c804f3b9833e4cf,82b812482839401e8d6199fb,51880ecd12394b43bc5c2dec
11c3188ecc174ae49ba6fa68,4cc6e1a96cf24f90a65e1846,e6d2dfbee34047d6a7e9c08d
2affd3cc423647d19d3984ee,fed0909659e5487e97320e91,c85b0d952d1746d0b0272921
e722e5839f404bc4b8190ff9,d6d2292e5a634424999d80bb,ccf8f95e7258412f81b480e8
0b54165aadaa418eafbc24eb,1bf766f6eab348e88c587c61,96f60daa711b4e048982b535
b72cc660c7d84d3e84f9a488,180117e5b8fa4837b22821fa,f1f2596656ff4c23a0bbc5c2
a692818dbbe94f6c9322c7b8,640cbe1b524a4f9a88846bce,a54644c3adf14710847dd926
6126481c8703429586d1365f,fc83ec9ddab64580b3bd0bf3,c3ac6ca56e4242bcbb771efc
454f352015354102bc4563e5,70c55331c8214cd7a6372cb9,a116c5654dc34671b2f69954
730849413fe04daab4bc8ea8,888b8a8eab53476dbaf23cba,51d978516f794529943686f2
5bed3022d8b04d6699432d63,f6b4c21773934d8e88472b44,fead281d262843ea87682ac1
e2f0b68a2fb84420954b0d52,5a23e1f1b7834dc598798d15,2f55400ba2a7496d93ed8937
bc3eec1826e9463888c122bb,0d8e488678b3452cb3ee6fdc,f0ee428b00fc49c1b7dc7ec6
e7418b595e7740bdb771055b,091db11791d846c2948f1be9,ea83e2b005d14464992395c9
31a1f080c7d94ae4b8ffa94c,ed7168173a974cf2880e658e,6ce96dab13814990b117c5bb
b83b808e9c65499bb74dd78f,f6bdfa3df3db41fea62aa5f5,da1a6a05a30046c3a13a697b
1048cfa9bb6f403492c753ea,5a4c3225bb1a47e58798e3d4,fef9c9c24ff14dc6b00c267c
4216eeda7eba461f9a6dedd6,db1eab2f50f84d48b77dd606,ad0084d610d0476eb012cd1c
06c5d9ee48b045958d86c9e6,83a46ae411ff49f085993357,13f6f6aa59b34e2db13f8935
4a38928376f04a208c980bf3,352b9f93babe44428df11297,cabb3b6097cd4f8f9c3f20c9
18c604d4ab384948860428cd,5ab5fd9c07d84d2ca197f2c2,2a02226985434a41ab20fb41
b7c5d25aba9f4dc4a525edc9,626f51fb7b6c4409b235e7af,bee9d05b3dce4ae5909f6f2c
5c8ea1e444644e5ebaef8713,c70ad3cc55c74256a29f0400,ec6c6b82c8644d5896ce98f6
faa3e651b3164a17bdaa73b1,455d1ec8d1ab4409aba87a2f,756f63d7fe684e5dad63c7e2
2d56b757152c43efb116d95a,d69d07a951254cbdb50acce7,1651b43fd50f46b2969cac37
03aeaf8f75b24c7faf96d7b8,8340827dcc0b4a39b8e18b9c,6ed98b6e3cd24a1996b82218
813dd5e36dcd4f898f25dda5,c1361d12c942406e93372bfe,bebdd019da344a6e9ff7710c
3c7b9103e22f412fa10969ec,735b42a65e0943e780651dda,907ad0c9edd7466b97c74980
f93881cad42e4fe99715b68d,e5df94ac1be544a1bd573718,5f9470b70626454bbe3a0ce6
69f280f665904a9e81955607,debf90001e14437d8c3cf919,80a5412bb9aa4cb89f52486d
5f91f269b0544a9db362ba61,62b6fd6b96af4e2786a66017,d06da1818f684cef971b7fd3
39bfdbf7198a47b7b83a35ea,662b9ce06cdd48bb91f5f6da,ffd36145ba514510848d010d
ce004b693be6440fa5224272,0bbf04cef4ba4e849d57e1be,0e15681443fe4da588365a55
837896c4bbef47a59f51b51d,cdcf55d4db044e51984bcaea,713e8f1910b045c7a46a44b1
f9df7c33551f4d5fa7f393f8,f48dc86927d54bf484da864d,87da726a486a43fc986caa72
9e38a97276e84ab6967302f3,81728d33659840649485f423,675920b01fc44ec080322180
ab3f5b32fd43421d871d3e56,534266d873b5429c94ec679e,b5122085dbac47fe966db6a8
17cdc3e1783e4fbca5c190e5,76639fa20f994a8aa3de5f9c,4a5bbc4b83ad451986119825
a2d522511cc44c82bceadc60,419959b012ee4c37b1a83910,7dabe39f5ab84a579e97d3bc
b08ec4be215c416085d6f5f1,d96f71306e2e42df9fd03cff,70f6c56f17224ccc9dde766d
f53978ffaa6e40518181148e,b0aa46600ed145878f4c90af,7b7f21d143974423a8a6c6d3
09475886833a44518d85d03b,372c1fd444d3410cac305cb1,42ec16fd1d6a45b3abe0b830
3a2429f7120346ebb88ee0c9,6476cba8b7df4aa8a21cfeaa,60ae3618375648fa9e677600
4e5c0c74655242c381943cfe,c87967eaaf174a838a85a7c2,93e1a5b1512f43ebbbc8f431
ca1888b570b3483dbd3c9fb0,8f6b691a4f3f45deab2ede76,46d071e323894eea937e7d64
35a14770e1524385994a59f4,89e14a0649c64c2099a990ef,8fa516b14af441abbc53712e
eef28219395942f5ada54d53,9567346a46fc4625a11fc33c,9444c7dc713d486fbff730df
908c55b57aba4affad376ef0,77638e897d394ba1890e7768,f721df305ce24c2fb5ea11a2
14e830b36233409fa575e9ab,583360829eb44117a7de93f3,be88fb7d5d6e4d9d9748dee6
309b2a0cb46b4bd883cd7b86,04adc44332ad4d5c9a09a1b8,1ffb69aed0fb400a92145592
aa68407a62c34c1ca9c357f0,0669e8eafa2f4bd784e650dc,b5ecdae029e14deb993845e6
f7a327f6170940b585770859,a8ab473689ae4c82939849c3,f9d03dd0c43445428ff41899
b661517ef4e04eec8af3c83c,800a58af964344818a552687,a528b0296c8c4e6cace237e1
31ad3e95f6884286b2e6e537,064b508c17514eddad602346,c062fb55cad24eceb0d2563e
37e81def494941ad9914e26a,e84e09a89262478588ce7ec3,f9f38f5bed794124b20431c8
6f34c2382f154cf892b9a5fd,3ac5aac2879b4888a88b0ac3,315fca9e08b746d382cd2ea4
2b610d3c5ac4401ab46ae906,f0191f4757a049a6a69bb2a1,1427f443232547c38d847255
bd3843c23bf4465a869bd332,e4b22d5c0b004951989c1f8a,3ef9272269eb4a9397e4d8ea
0a2ce71cc57143cfb9a710cb,6ec4fa82d1db4c5780cd5c35,fb852c7167054014bc88b5e1
67bead14d6df4c4eb0685ef9,1cf50c15fb534ee3bcec0666,0641cd1dc9314039b5580703
92db8023353c4470822dc062,78d12bd3908645bcba744d20,c021351b31ad4a508301eed5
106ded86c01a4cef95a5f4d9,1d1ef8a1d1064c56a5c4859b,d6470cf23b83476cab2d2eb5
a5e7765e101146648c369c86,f080cec6e8c64051b2392e92,b6f960870ffc4f50b445d8e7
67ce4e31717448699af652ea,acdaba7b32c74a4bb4ea991a,246fa9e63a8848698ec1f57b
534b3b6782ad454c965453f9,51dc9520cb5c4912a5559e7f,ec527a72624540eca698cba2
0512d3ca0e4d46a8bc599afd,f9d38840a2064f6d847ede54,155f29678850469b8111d78c
64a8bb9fecc84297bbafd48e,691d2489724e439ea47910ca,c724381991954336b663d866
0a424d8c6f9a4ddfadc8782c,4a7238b4ceb846f79cbfc943,6461ff36d67d41ae8197c496
dee9e339550345e1bb261583,723578c7212d46c1a27243df,838eb7db705944629b95553a
0e5f9a56436043be8cd57c26,c435fa1f0ab742d99acac1b4,8b82a96274e540878cda690f
9b562aecd7b745019cc2cfe0,e020bd80fd1b47668ba51af5,74727d2c971e4ca2bf279a2e
ff8bcd76761e47d881b3e1ac,22b5bba55ecb4346ab1261b7,6a9280b6015e4e51ab163ef3
174b6c5e01ef422488bf6c38,3573d9215f3b447aa011ea2a,4397f62d91ba472380b6c781
c5049b853d834142955fbbda,462401fca4e84a7c95c14a27,4d6b486caf184c9dad297f60
b9f22590af654666bf6559af,8cef80ff5ae24fd68d0aff7b,33ff5d1934dc4d868cf21d07
f9041be8842549209b1e46fe,719cdde3f38d44238c9c0a21,a9ca79fa82204843a91c6334
a0dafa538acd4689b384e362,c5bbf2f42f2e4be080334af6,6199c8f9fbbb4e5eb0fca5d1
1427bfb7094f429bab24a748,93d9ae35a3094bcc9561f8f9,6206ed87c7b344119619af0d
8d144d9f1a3d4f91a22ae570,a9b82608f31a4c54a65cd194,8b7ba839b99a480ab8270410
a3e9cf715ebf4e36ab8520d6,a76d955bc83d4e14b5a5090b,6eec4c4748a64fa78cd51d61
68ee4f40eae9490db7dd8e49,f057f64dbf05477a8a8cbf9d,d748e833c03b44cd878bbd64
5e341da1129244949cda7882,3fc3629db52f4f599992f293,14bedf89e2404af6a3a4e6fd
34e075825e394eebad04270e,3967b7ae375c441ea56ff2b4,fec18e25885e45e383d462ac
d15e8508ca664b7e8a08f443,4e0009ba5eea4062bc8d3849,ec8f82cd3e5e4a4e82e95069
c967dc8b0cb6432f844fad8e,16996f2670734e85a00b49b9,2e18ce2d088040ed80f4ec9d
110bdb8712444cf097b6e357,9cb39785632f4b0cbe74f3cd,be20d8ce88084f6b917e1b9c
6756bbc1b1444545a2d481f5,dd38327172e74314b99fdca5,8db57906025f4c739e6b5410
53f7bd5b53b6433e9d4161a5,e2e933ad00e74dd7983ee644,9be45c1f4e704366b5edd714
752b3396f6404f7e8e5a0ff9,63e76a05592349ad9dee4925,8a94237b2827429b8364e4da
2fb1c533dd994c38a08bfee8,a6b69bf8f925453680f6c163,653ced370b0f48a7938e2167
c0b3cbf6e1fb45dcb4d53ca7,5d5ae4fe592e4c5893616a9a,6a2f9dd27eb5430499186d05
10e5cb87b603460f8e50dcd5,c04b9d3f85e944de9e32b9f7,a2e2fec7cc75448f9a9b7968
b9237b594dfe4e3a8be557f4,552ef8bce4924aa5be3d3531,aea1d5bc9a12459d9e5ef000
9ebcc42d7adb46d2a0f5d43e,dcf18d49c56d4a1bbecb6a25,b2354f63545f4390bf433857
2d3f70b3f1444ca889a57fe9,766f8ca9ffdb402ba9735368,d071f01ebf8648938ca25b5a
130a317e4a2a4d98b4b24b13,89c7b48dce8f4c2bb5795338,1930602cdcdd45399cccfdb9
49ae57aabec24613b9c4c763,33db9ec4e2fe4976ba398794,24fe87ecfc38428aadc2c864
12aa428470a040ab963fd3f6,903a14357d8543e09a8a6171,fa65ef3f41534310979b2792
85d429b144d94feca094ba7a,83dec0346b704bf190192022,e7d7d428327a4228b32cfa4f
9013595b2068414da063f68d,0458d7a7d3e340d9863b7d5a,820a1276100846e39e63d8c3
99119735815d4473bec33434,dca74a9039bf46ddaa23c32a,e4af2b13756743afaf334967
6df74968cd894a56831d6100,6cc24cb24eae4a2aa5d6668d,c37a085db57f4fad92e05876
1035e2cd9cee4025bb01bd3b,6d27cf6b2aef48ec9a3baf1a,15af146d295d486fb0236fea
95fd47bd245147729e051632,3171f3c17b0948459183b9cd,ae9146e28d9042d79b884fe8
e184ba9b366842e4bc5fd5fa,5bf1a554c4474217b80f00c1,1e419a4d10aa4365b75adf63
a9c690d93cde46d1ac8d9015,ebf3c1519755430b87c4af4b,1eb8b0b3cb69420e9cc549cf
cab491bf17c64a4db090d44c,439b271b6f4841c792563f85,af503221d23d4d10b5219750
9ab5c88fa9464aa1a6d7d3ba,004908bbacef41a5972337c9,01fcc9c11a8d4e6bb9411567
c75efd26d0824610b9cf100b,989bf2f0b5304017886ded15,db4e417df94d428a9ddbf84c
1aea788d730d4ff9a8163446,e7328cbe0c0444249641ba69,f0bbdb288fe843e4ae2253af
d717b172335943a4a24c340c,2e7da9cbaaaa4865b37a27c3,95e185c4c12b4761b3ba0df4
21d857a4db9a4785ac6b06c6,e44c75c33b86460f9e8ccdf3,5d39d25bcb2342439e4dd223
ee4f835bfe274e70a34c9be3,12552c6dcb444ec68cb5b7a1,7fa7fa0797014a4d80599234
73926c1527ef4cada87f3098,5107ae46fb3d4943bdbcb4a4,9404140f9a4143918fcd62bc
109e1eacb41148d2865d2cf5,a93c70597b6d4bba87691713,4ab0deaca71d4d769119394a
ee17244dc31a459983fee492,350c8811274442349d21595f,d2e0bb83d5d44a76b16cea2c
979be4328fc34aaca994642d,29996b41f020443a8d82a6f5,4fef98b655904b47b6470ba1
e1ff86fdcb974ec68f2f48d3,a7f9c79a16ba4494b72efd13,452ca037aae244a280592b0c
24a285a254594f90abfc785b,09acd99c6aac4cc0a2eccc7b,aedf02af55884370b633a07d
fabae3a9d6154c94b1ae91c6,74210057458a4c0a9c426014,4c42ddaa261f4171bdd1dec5
dad15e1ec1ba4321b525e097,8042569520f74663b140b718,1aee92c402fd43118b584877
43f7f8d1ccbd4ce5a5e92d1a,d64524dd4cfa4042a8453745,9e1976e1316447db9fcbf500
de916d15f214442b88071632,82bc0cc3d9ef4f05a5b894e7,f33a370bcca94ddab762fd1a
a6fc3c601b7d4423a97623c2,d9282aab127e407db009810b,57b8c5bec89d47789fd070b7
b516f737130f4d7991f79795,c517bed8a72e4956be35008c,74c4af67af60471a92159bc1
696e537ec876474a99e3428b,738f01b7315b4999ad0ed18e,9e36d20af51343e5b0dc6791
26ceaf8eefa94ff5ab404c2b,2309f6eb981b4d8888527664,3414674b0d5b429b8d102ad5
52bdf4a674434bffa4d0e2dc,c145045023e3478a9f3d34b4,e77db669672c451d8e5a3116
7eb28dc7dc1644d48b72d478,0b7065f42df2465aad16db62,d26aa9d438794cfbb62d95b2
8e536651a98f4ec186c2810e,57df90ae19944a249c7c1091,900a32c2c6844c759cfa7d1a
2e75ebaba566406e92befc28,8c354ab84e7440b0aec935e6,8f02e939a0cd4fd9b1fc625b
ab3e47a665fc4803b62d9913,7aececacd9584382b9c0aec3,acf451e8d77e4e79a7c0849f
222841da3b124fea86c4bc72,4a02bc387356475fb2e27157,4a81ffa7d7ba4aefbee2de8a
3cc0701de0de4bb5ab87e5eb,f2b183285c6d4f50924031f2,9291e3fd785246a1a5b8e6ef
2718298db9cc49de96269d77,bb410181d64e414487de2400,7e4045b2fc014c69ab7cdd83
0ec10067b6e845519ab7da6f,ce69b57a43b94017b31f951a,3dfa87d909694b98a35aec73
389363917c2445b8a24a729b,0c8502f2997f48f88629bb71,d92d95d32a5e46bd8a8a703a
a0a6c3a4877d4505a7df6f92,efdb15fff11b4c0990de2b5b,c45b3306745647d8b53afb19
1c52c43b94af446a96ee7502,f84d7d8acda74129ac66f8f2,25eaacbe73db481f9932611a
f26e135ed82e465b8c550649,86c7a5ae1792466cb0f564a5,97902f4d908142d4b02efe69
f11da859ca024dc7b2534116,045ac303a2ac4ceabfaf226e,9ee81699cd734183820374b1
0f6e0ac2f79e471e9b618c9f,8820340010c54a7f8452a8a3,502ccbc2efba43b58d37cd2f
7b726f69040f4dcdb4c702d2,1b203b3fa2e341ad88a7c8ec,6876d50f597f483abc7c234c
c29f754e6279469fbf73de56,56ea54f3408f4229b943b8a1,e8c3b3668d6d4dbcab05c229
78ffb8f9f6cb43d8aae57ab1,93ead009af13428591006687,93e27d45dd9f4036aad07ffb
178adcc557f8422ba6cabc7f,bcccb44c62754c218f57133b,460a37ea51f84cb6b0616500
7d50b35051f4452bb5e0d766,1e6dcab80d9f4f6c9166f745,4685d04cf4144f2aa3735c5f
d4148ff54c1e45dcaa38767f,a3a83173acaf4560bbc1cfc7,8e6e5958424047238cd6cfa0
edc063f6486f457784218fc6,989a99dac3f74a4380e7b572,d156d6106aec4bc1a2fbd9c4
d1235cf1637943ef897cf67f,ff7e5e2bf30846caacdfcc8e,2ffdd9afc7cd43068a60b09d
8d15e611257c489b9e5e111d,547fef2ca4844306b6305188,a4a453245c3549ac84b759b7
f4b39ebc8cc9426aa3d9c024,f1bb03a8fa614ddeb2cb997d,c8c04a2d0e4544d38e4f1c63
35a667f4c6f8474e8b045c96,f7fef804bc1e46f2963c84fd,9334bff2f8564b1b8df8d42b
2c6a62381bf740a3a53fb0f2,c0f3e287da334d929878bc11,49b330252b7547bea766e267
4b6245bd9fa94997b2073fda,20f3e396559544289a4be2c3,547ab75673f94587b4af7fb1
c6eda0007f824ee2a1633854,7b4a973eb8124db692fd5463,a6d179a6ec7140f8a0d27e4d
e3f5ae69eae34de9bad32fd6,f89cd358025b438f8dd4c341,065e379d966e41569a7ee05c
18c19d70018a4ea193103624,dd252c3e453b4b139d086680,ce88c6a375e44a7b8a0ac940
58892af5182344fdbda4361a,a06663de798e42f7a6db8da0,c1b82e23774c42fab2f2fe4b
f6999a80b622494ab66e5298,c3ec9c2c9bf44cfea04bad88,4a044b6e53604d6abd7957a8
50db07720c054504a1360b7b,d050167c60ac4bbcb3fd6983,f1924b4619554773ab6235da
ab99907ca95c49919fa8c36b,57c235285faf4e4caf35b20e,b946ba9603d7423fb559b4f7
723ada5f9bf14e58b367d20c,17ae2a3967094a688b89e58f,39cf8858e0174ae9be89591c
3adeed04ae0045478e011d40,2a906cccaf804f80b35c2d9b,fe862ca3d99541a8810abc2a
1b6941169532496199e18a3b,b7580be9d3ff4db384a46d9b,d40ae96685d44ce4a334da78
acbb88aa22f549398f7dabc0,a88b1d0d4dff4812be656865,08ed8eed3839429e878f0f82
3be32cc0b8bc4d688eebb4a1,d4363a43738d4fe2adf0bcd3,66bad7b80189465fa5a0ec1a
4a0222e436804a60be9dd2a2,3be03863f90842089c88cb7f,081b0d196aae4a67b803ca6f
b0d057cdfa044194ba9c8846,9d278f0a51784d419c3cf959,095dc9be00fe4d25ab2d2363
c842289f9bf0483f8d180c1f,291fea1143a1462e82c5bf31,67d7d4fb0fc940698dc2144b
1267477bae2d40ed96bc7fbd,c710ff80a3cd4afc8f0f44ec,2513e6219934489f9c766449
508ed90829c44b1d9ce3ba76,ba8eeb4db99e407da4e53aa0,59a329b501484b5385f78514
57f35c8b160a4753bfd27ea1,e665d4fbd9fd442dbea69725,b8859c29f23240308e611476
a286a47ff06f4543a151ca98,23a5f17ab983447d9aacdbb7,c7e0477a8ffd4e50a18830b2
b99c76f10ec84d36b222ff6f,70483d6423cc4651ae8aec4b,f9be84330c7f4110ab4f079c
e2988b40593d4de1b388e507,cc6d08a00d1145cdac412c29,350359549b20449b9df0f567
0c4ed27f12224411818a8c7f,c854d041eb2e47ebb2bf1345,f37dbf0a5bb44b97839c4bbc
a82befebea2248728e286b58,3aeb83aa6bf642be9753059d,9a4ca12adde745c386af198f
d8584b5faeea46c1a14d3d6d,2fa15639077846a9887fa1fe,ff7fdb8ba1274e4e89da178c
57ad0b1b2f9c49fc93b6fb59,600fa6e1a39b4336970f1e99,4fbbfc50b3ac4353beccf425
3622f81c572343d4a7a11f41,744ec1e1a31743f28d4c3d5a,d550a0f5652145e8abef8a08
83667d30fbbb437091b48f8b,269810ad2d5e4a3e89159334,d3de65d78e44494282a5675f
e075fc338e8547228f4593ce,317a05bc04114838bb438bef,dfb04babbcf24abd96e08fcd
f165995e66704379b988bfb9,711ad7d82e424d01bd29ccee,999e5c625d514b9eb0c956a8
ceec505c74ea429fba061510,c7503d3c75de416ab32fa3bb,fdcdd690a6c94df59675a5f8
2c2952055a0f43938cf065f5,c8636e69acf748a481b9ad56,80ee66ed9a0d42b8a90f2cdf
9b9722a0e3714e3b8f296fce,f1abf3e9bf414eacaac0ade3,54e706e10f4c4a74bbd8ed66
ce9c1f2483214bc2bc2eb46c,65b6d899253e4add8217576b,a69530ee2475489daa677ae9
819378f367184cb9a00c6c92,a9919fc7ad2145de9d7c8d0c,35c2574156fa45fe9ef13d55
4422ea1c563a41c2bd80ad69,1f7a6bf4996f4d85b4f0c1a0,44ff8175c4ae47c4bbe103f6
99e203cf40604439bf7722e1,8da9bbb55bab4fe5b317a78e,e15cc3f752b54d59b20b4328
12fbb4c33721422cb4f731bf,18b3f3c246ff45ecafa5a21d,6614e2ca686840b8bd8552d3
7e6149aa6b66403d904bb25a,27858ba545dd44a6909e685b,592883934fd3493dba43640d
3c8e4cdf05a2482ca6d798e8,5f123f387fc84892a9972f0d,d888329f5a4b48d98891846b
18aae32b85d940518c32c6d1,fcfd2b4bc1964ac29abc20d6,049525c9f812431db383294a
cfbfa6168a2a4c679851ae41,da13da72fd90454e81f218b4,119eed0d33cf4accb686d196
bb61f48b788a465fa98d907a,78d2170c1b804916a17a612c,fb8ebd42c39d48baad6c4e88
a1a843d9f7634e548f4f4fb3,1b64734038ab4bc4aa710566,37895d78a0714151bc98d1a1
fe7f7a66e4014315a19a4b00,398983e71347456693dd5e9f,1b54bff5d76e451985aacbfa
4d5b22c94bd54955a8f279ae,717e52dab69d403dbc1b982a,3b75f89fc15c44b4893f3a1d
db133d8492674175b68f16e1,68dcc1128e6b4cbc8d46b014,a64341ec7f9341279816497d
32e3767d61df423fa2780a2e,edd5ce2398954279923e10b2,a3dd68384b79430db9d71760
33f20b04f1814d23b851ca85,72e5a529dd114d69bbdb8e57,a837bc1f164b4f6fb022e4d9
3450fce159514b57bd506355,68076e04a7c64af4931e84e7,ca4a9a965ff54d0b899febbc
fef36e98bc684f1096c7f76b,6b7b377306554f14b9291beb,971c7ab83aae436ca9bc3b31
d0f4a73f10614f058703680d,2ea69a2022b443f18e375b0d,a620f4e2239a44e2b6169998
1632c6f751a34a44b2e3f40e,17a567d8da4e4c72b6b53bdf,b3d0077df76844bdaa7988d6
cdf307fa27ad4ccfa313752d,f7f244d458d648d7b66ff6a4,c99fd68f0e6c4446a9425e99
1a3dfdb25c2d49bcb7633927,3df2d8fefdbb440ca0332083,10676becf0044e5eaa27e2d5
dc2490d4e7f64f52b84eec0e,70d46950795149ceb8d7fc60,1ff4a0c2d201484fa49e6ae9
e1d2654f48614c9ea704b667,d79f9cc973c64be4be5ff993,ae82b3369e95488386d862a2
0435e79706a14474a21363d8,76db81013de345dd8e6473ea,a28fdb6e9ab44a9491bde7fe
72d7730600cd4b9d94fdbd0c,f2397db45cd347bbaac11662,a2e47824622343acae45dd76
54dc0c38d1d0432fab48a5ff,9f7c6e2a002a4043984836b0,842e6af17da5428fb961ee0d
278be97e17c14591a2e494eb,a0a70478734342e1afc42f8b,ab09a6ba9b9346a99814fe2a
6e591c98393348d795a5bc30,8e785551d530480e8d79ce2c,8fb5dcec84624ebf94f6ed70
843d073ba07f40cda7d1ccd9,2c58e751db3a4f0c8e885bde,8c60bdce0a4c400d803b68b8
8e9f7f3cb04546b9942a7be0,7882ffcadea74fe2a1e8b068,4d3b593dffb64f818f457e66
bc7e7fc908ed4e58bffb1d61,ad14b56cce99499c9e095c75,7ef838762b584660a88061f3
d00cccea2a614066880a7c1e,11652d11b91545a28804c7c8,dae8725b5fd940f8a40fe2ae
b2ebe9283c044c41a262cfb6,e5d06608ae154ee49fad6bfc,9fc90937c8704670bcc4aff7
e9446fe8d196434484a6f05f,39746525f1184073a25312c0,ec144b63c9bb47bb85778454
9bf69b6c896149cc83c188a8,7f1d7954905c45edaa3225b5,94cdc0f6d70e46398bd449cc
1cd2507f22aa47b0a89daea2,3e598078c38c473a9f061a7d,72ed9544b90b4d1d8b260d22
35a4b853c2064efab70d9d61,5d5751e6f3174f72b3690307,b2d0558e1fa947bfb0adb0a5
08ba1536140a4bebae3bce98,0c39b140356f420eb972b03b,2a58ceaeb93f486b948c4da6
161601c98dbd4631956c6700,00309a05e85b44978ed8674b,b0a284601e79469486aac511
e29f2fd2e937471fb3a2b973,c08905f5974e474087c64a05,4a48fc49e36b4c6f96f6e5c1
403edcdae81b4e1ab21f2b86,0cf4aa61c35c47ccbe245bea,f2b85be0bc9b4708afef363d
5205d4ad3e4344a9986129bf,65e8e8c99b8e46d6a84411ee,1149b685969a46c68d06930f
6a29cde24c0042f684f55904,0e32de6cb4ec486e9bf939ce,a2dff16c20ca47c08615c024
9821c6b949da4c088fbfe282,23a8bd1fb7964fa1a0d16c04,12ea6398bd44434b8943e0a2
a50e57b89ca044dd911837d5,2e9b6455299342cc86ee93f8,7da23e8b39e44d2788c0077e
c2057f0cabdb46c695a2e202,986465400e2b4d559e7ece4e,c518905bd7c647e99f57f608
385043babdb4402cbff16bad,cbc10e8cf5a4431487feb54b,9e4406927ece4f51b365163f
02af963f94634340a1af2a89,913da934547146e8836c6ff9,944d680751894a64a6fa1b5d
565900b505504ce2bc611781,a36b5e268df74481ac36c645,f0fc7d328b2d4f5f8e62d16c
6e2fdb5539d4464c94d5d47f,5a28c19bac744a31a4ceebcf,873c77ff1ce24040b66f5167
f178e45f7b5c46c4a2faac91,4da8c4c824044764975c1444,38afcf16b9694375bdb0f094
be0ba12853ad4f16b0049f76,5459c4fcb8414bc090fdc245,99b3d348dc544687be7bc103
8676ec76227345fc8057818e,f8ade224601c4ffc871670be,2d91bac3a46140a9af8e95d1
bf1bd1ce77254905a5b12386,96af3d5f46d549c0a79ad607,1425fe4c1171480f81a5e596
d9c420e97ab94a9aa867182e,c3ae7b297c9c42bab52735e7,6028dec0225b4285ad93f46b
225a4cc0934f4517bad24857,1391b391fe1944638358f129,07d2a6076daa4bf0998e39e3
8c8fa45840b74e5a9030d916,fe3472c37ef942c89e44be6d,869cb5c87dc94bb185a87edc
1556992eab4e4d1da1af506d,f4217349ecf84245bbc5d097,020f7e4aec9d404086911330
b90675cef809484999419bf6,1c05cb03836d45818b0c9659,bee8cb9838514e0bac404678
cb7a81ea67794e07a420276b,6318563e64e24d55b2b6ac83,69735f73237049568eb39fc3
1dd1fdaeb1924ff08723881f,3892b57b44ae4ba59bfb2ca3,99856ac006e242c4b52d8b7b
7e50a528325c4d6d9b88236e,b630546cb85147fba07afa03,4c2f25bdf79c4457a0a8a3b2
54eb8a0007ed400cb73802c4,91892d25b66d4b1882494c11,7df68a0dfbf144a5895c46fb
db53be1a0b8143b3b4649c1e,e0f209689eca46e4b8df5584,f3af6597f68f4edfac04c238
9f5aa5dfb17b4e6fb7feae97,687ad84f999d4522bd9d2f43,dcc5f19f8b4d4e3a8dbbde2e
082b7a3cc4a74591865ed6ad,d3d54e3cbe1f4efd83d36e4d,b1dd3f23098c4fd48d4d44c4
ba7299396d204e4f80e1db7f,41b0607eaf7242b2b6f6867a,b3398869c13c48fb9c78d645
e940c535d2f646b4a4d2c7cc,57ca244e2e7448b0ab7b293d,f244ea10e659488ca34ad849
b0dde1d2051b4391a32da803,b522101c7cde4de79a640d1b,28f4102ea2d2464e83925a9f
7bf6f8e090eb47cc8c478247,f7bd9d847e9345cdb2f2bd6a,9f42664855bc4640b6496ea7
88bb271cd4cd478791ac6d6b,e8df2e6786714fec9f914e3c,7b661fcf16114b4f8a456cb0
f50d4cd523cf45bbbc8c43dd,d8ab7026dce541c09bd1f840,225cf9c350924c55bd1d3284
21fd5eeb32e843698d6444e1,c53e9bf2af4e4f638e0211a1,d8d3d9913bd745fd944a0f0b
56d09f9157804e1fb9b0915f,149e92a194544e7eac0d53ec,cde9b05cec5f42e89e0bf34e
477c6505291345a596aa0eef,983634fbd40e4092bb78c9af,c91e662582eb46c4b6df9959
80f4d885cbf5460aaed7c092,aa4fa215f42c45eba5e4aa78,02ae6f5b6107444286ddc3fc
5ec421e99cf444aeb135706e,a671aff6966448c793aaa89e,faa7c41d7cc24dbb83868e3d
7cc35e0de5ca48a3b61d568d,2a7ec3049e6e4ec58804962a,6d5377c7d63a47e49e153346
762f28e37b6d44069992e47a,d5407adb895544048449bbb0,b24bbe70a9e0416b934a0a9d
b8eaa85476ef40388a529283,4b8a40edc43e464b80230c69,c285d1c34be14b138585e0a9
94b9d39c77af4f9183095779,5490bfc4d2d64d7ba141ed24,655dcf89c66a46acbea38517
971981f1aba04b459915302b,a4ee31a178b14c41945f22ec,ecc8a64df4a14adbb04a43a2
62e1f9dc618443f2a7ff34db,675ab6ec1fb24bedbf6ef504,21f3be139a3b425288a6097d
2320a9703ef14f84ab15e55a,50ef5d5a643e4a5f8f4c3c70,df2371b5323543af96104cd4
2b43a94fdea74566a10e5dd0,39d86ffc30a14540902707af,4ba2cb3880e74338a54977d4
f29def72141345938c38061e,7e21cef34ce6485d8c452e53,66bf8b290da0410aa9693e90
81db74a125f44a71806ad12d,5627540b78c24a77a02995b9,27fdbce0a9044a5f835bdd31
44d39cd4bed04feabfc03db7,99f268e2e24e41d68f37ba93,3892b9a0848f41dab12ae680
e9a575f8bb3b4b45ad91a0e7,09cd5ff27249460c8447ec12,ebbb4a1be0ab474a9eadee18
200bd89cb0134a1bb2b81ff3,c36b85deb3e749e688521c4c,5a03beb952fa4f6a8f7047b1
67ec7c6eab3345628c19b079,286ccee129d44637a15eacd9,e51d205ff72c4d1f991151d0
811bf62851554b3385b4d6a4,440dcfbfdced4638a35a84f1,723e2af159614d9cb218cc7f
9e6acc74001e4987b3cc2bec,57e221e67c1d4ac8bf872237,303ab2b582b744b486b7c899
c36b8161a0c74a0992fc2bcd,433768ba60864fbb853dbb7f,44684ca7edd9485cb87a7a55
cf13cf0d9d394189aae4f485,8060b498db7a406db0992e47,ae3f171ba3194f95a2a8f67a
ba74e6ff99b84c8cba2682a5,f140309663aa4f9690b55cd3,8e0cb607ea1d4c2cbf45678c
1510782face142fba296f3a3,5a07c555ed8e4cfd967ec297,348c7c46d8e04949a825a9ee
043a80d8576e4893a533937e,e7f6a061532f4beab5a8f8fd,101fba1a88044b81a3bbca41
984f6a92f87e47dc9a1bb08a,0050f7eef99e44ea9118cba1,aba1ef6cf1c04724aaeb8692
72990efcc2a74f618aee284a,722266163a4348a3b7587e7f,698e60c6c61a416e8b164381
e5472535222643cf93b87ec8,1beb1adae50c4670a5cfd0f6,6f333f336fb1429bb3094645
6f385f19ed7447c4a0370171,535922c8cc174ed7864b639a,7d2b867be90140c2946a6fec
a44a6f6b38ec49098c423134,d5b00149614d4e559d6b47a5,9527c86dff5144fbb860ac7b
a8507ac85f6343f98382854e,6e8be2bcdf2543adb6b94484,0fb5d79b89d14dbab667080d
426b3cd877634a39ae5ca994,343e3382c7424619942df5a4,e7b62f2ff1d940faa4b00024
ef83ae48f4004708990d4e96,707a0fbdca264f4799058600,06524646a3764499b4193d14
6517c60daed1452d9e4b2fd3,5c1246d24ae34aa29043e2b6,dc83caf39f954b86aec422e1
61e4a742d4a64373a63afb8d,9f361837421a40ca864df15d,18ff358d82ce419ca6fc3e91
8bc33893ff2b43a495cdd9c1,ea6b03a284e84aec89f11a47,cd8ae2b6255941a2bb514f52
ae8ad8d857af4f499d3cdab7,a987cc5e156e41e28325da65,964e63368c734ce5a4fb793e
4acdd0394dac41c6b98893d2,e7f19cf9d04a467aa1ba2819,8c13bb7e23c44daa9fd8dc10
550bd885123847fc85942ecc,c74d66dfd3954c02a67f5f0d,e5362525180b4f5581c090de
5f058e3ef53846b88bc7ddf3,1e0a1694710e41ab97750849,eba9baa75f244b45a66eb5fb
c4c31cb6a8734643be6bb05d,17dd2f0e4d514128ab67330f,43c12ef2603b4740abf6d1de
b435ff49f4bd48b6a8f1736b,e37242858ad94f10bfe63073,b858f8d0ba2840e1bf1aa946
284c6735e509414c8b25b208,53e2f651ed514e8f80d112d8,584947193ee34e04a140a61d
1a74a5dc5d564d70b0e1fd9e,28cfda98594941a88d306627,f0051387239442ebbdeca61d
0812d2fcee1847e99af2d225,c85a55f60a8548319c06cc73,e8ca9789f4314d19bd2da1f6
21a295861f55429cbee36428,27dbb1d39e6a4f53b13ab377,a77d90a31d544719afb47783
204494814dbc4d29bed96907,8b939bb2ee58467789463582,eac08a1cee8646ffb16184c6
54fc3a1d2ce84f25be8f8d3b,b835ad284abc431db72c1d00,c4c84965a52b40e8af28b267
be25e2a4dfaf4f4da60f98ef,2df751c3732d4b40a9568129,416560633e6644e8a18bfd30
0ea5ed7d0c31479080fe4931,0a9fc25f24b4450780121e1b,6fed36185b8a42f9a49d3312
ecca4ec4693e4b2e9c35b417,730560945838481687e2f9c1,46c6de73c7ac4030a9a1cd0b
cd95a98c1d3b42698dedf047,9aee2b8fb4954d59a4b30a6b,0b21e800d1324ec0816911c3
c8ae5dc0b67c4312b3ee4339,3152a6a899214b1191328c3c,b19a4ba758604bc784cecd6f
1126e6ba1ff9459fad93a82c,638b5edead2e49e9b5de145f,1bd4e035946a4f0e8867927f
c1815cafa14143e6a28683bb,57f48b1bfbe5487cbe0fa731,a1bdd5e58c554893bb23672e
e41816ca77c84a598726cc29,9d0b985feb0e4125924043f4,2ce393dd3a3e4fe996cd478b
55e0af481977495291150af2,19e90dcb97244947ba5667ff,04cce744512e4e1494302c8a
7f3b48243044443393228fb5,e2f34c74885843df8a74da03,331a46dc33e0434ba4e87d1a
b80dd00c6d43418a9b0a342c,e9112206d6814e6aaa41db99,b25aad3bba7d4c1eb4777dcb
eaa0734a0a83454eadd379be,77223a92662b4f059d6f16de,26ebcd1e20af414498ef6cc9
59fca7e4b3954b20b0d34d50,f75287eeecd44d99a891ba8c,35d8e2a281ee40a1ab8e0cde
a3ec6ce39a4a4913b28acb70,4ceb5e4a3e754a26865b9d80,de2ad58be01b4a22872550c3
fa2554a822654ae4854c3421,9abf2b72463e421ea8d200dc,1a59d4b35ee341bda07ae2b0
768e153febac4873a3052c4d,4c462a6fa5af4449a914f117,7d4b9d57fc7144ecbaa6c700
b41f8a489e0249ad8410be53,222897c2265b4967b03da6a7,b67bd291dcaa4b64af5b38f7
8a6ca9ad0e88483ba00a03cd,ee8eeff1319f491682688f73,8d3ce975dec74fa78b08d8af
4f425974b2fd4533900f7716,7eb997a56b33432d8c41786f,b989f5c28cee467e8d54a2d0
42ef9e7bad5d40229ac42252,6653a22ba3b145bca7180cc2,f219dcfd5dc646cfb6c32b41
3f048c7fd53c463c9bd2eb00,c63dad9cdb42419aaa0f669a,145f4273a8034851a3365e2e
111a1a6e93a84a13a01281ae,2a31f586b7854b11a3388b3e,1d1b95e6c7da449c9dc3bc00
949ee46da46e4b998eb92329,dc9d4ad0e2c948c3b321bb50,11d08fd34faa4bbf9c802f2c
079cb086915b4a61aa76de48,2caf547b84b74288bdcc074e,4008832d9dfe465d98652128
87b7391a0cce42bba89b55f6,d2936d7329e540a1b405f90e,c11fbdafa8364a0784377330
ecd02b20b9624e3ab5abc1b8,37c83cd83fe0419ebcfacff7,02c564d8799d4cc8b1107e89
bc11745fa1494228b9708abc,fb3fdafc0b6e4f1da1af6a74,85d9958964ff4c9596d89a88
17540908a25c47e0b0673201,35c9e702e05c49d788c3748b,a23273789d5b4d09aea9526c
a041858f95d24427be20aa19,efaec12dd2f44279ae563725,adaf3262f0344fab88e03bf5
0837065c84784beb97d32586,e976ee050739413082cf0ac4,efb4deb0f71d488492b96098
6a3c189e55414d9a93059baf,f0ae33d6ce6341e4b71fae4d,fb51a489acfa4452aaca53a5
0b69b3395d4f4bdfb2bbdb05,f799f9393a104ecc8b353288,a78a33664e144bae952b52a6
634f60e2770c409fa1d71f7f,be76612b72ef424db34c3786,633682f984fd4c6a9699e200
1488b4aa41b3430180c0acba,8ad922acfd2a46d1a4338d5c,dba22edd1832487bb9446481
3c722a2948da47679d74799d,91eeb9cdf79749c19d9fa1ec,d8dc161a7bbb491ea89ee950
c5a3b057066e46afbe87fc7f,88a3436ee9e14245be5ef531,2bd7b1f245f540faa4c554ff
1093ae80aa1f48808c0fb3fd,29640b4367dc49e88147ca6c,c7467cf0ef99473a8e33abad
6330302cbbcd487693963db7,4987bd900b9f4b78938c4517,a50827e636a64029a5ff14c6
3b03565b20504f308966e1fb,c0dbab5c6d174c539e780232,bbae5ab122be47a7bbdcce4a
d8f429544a0b481bbc04d9e5,3c32b8d6a62842a59dda6f0e,34804ce68fe64863b0c42dae
374f4026fa794bfeae227996,b566f667501341ac9204e4e1,8c045a11e2de4e4da44742f6
61a0f07b704149c8913985f9,2a63e253db8547eca4668646,dac0bb16379e41af95a932bf
00a222d93b094593b9b752c9,b5828c7930b94ca198ba51b7,59d44844d2d845fdaf0b7385
4c99ea90cf9842c796cb8cf8,362b4e91d8574b94973e283c,66c1fef4f9474e05be53cdd7
ef6e513bc55345ffa36a06d7,3b0c2db989b74d4291a4734b,ca196420997f437e8c4ad082
47c9791549c7444282bf3fcb,d4711b55a3224c979fdc9cd9,de7183ccb4774674ad434c19
8cf9c32de0c54893a35c6bd4,c7fdf45e388848ba9515c052,29c78b7e61154b37b47d22dc
1314fe2a8c234a258af53589,debf3efcdd6547bbbb974e04,8c885d7c0ea544b9b995f7c8
11239b7ecd2a448da693a533,5db4f17b6ee44b0c8320fdd9,182e233948114a07b67d0850
a7c6abf037af49a8b65ac33e,60e22183957240bb96461ed1,19d954f73f3549f6885b39a7
1e3e29415fb24be790484f32,4eed87679f3e42a08993fc84,1d829c18a287437fbf2015a0
436cc3818d894ac0b939c364,52260f525b88403f97a244b6,1af83440ecfe482fb199607d
932ccb0671de43aea81ec609,eb4e5ac06ccb499dadcdd4fa,4043dd4ae4f944ec8838e0ab
840bcd2e86d54a2ba81f1aea,3720cdd031c14155945cd944,5d3f1a53041a4300be83a651
a2bbb01532bf408092e4ad6c,a7d697061df548eaa2a1cbea,21cfaa47b87647a9b49240d6
0c972a6a97364d41ad1076b5,a4540be7d7e446988eb4ccd5,606f4c740ebe402f8d653d83
f12fb4ebd2c5462d99b489ef,3b0e0c5afe2a40509d9b9e8d,2f519d0976f8461d92e06e46
0b6a5b8b938d4ccab8ff8235,fcbcfcbdb49443e58c23d2cd,16f83fecbdb343088afefadd
77dba13717b5425891fcc460,c62d80ee90dc4e87afe76573,c03c6404a4fb4e49ba2c9990
bc406127f72341718729bbd4,a99a39120e1142bdad55450b,6ca4528f047a4bd4bd0675b0
83ba4d88e8ee4c9884a3b67a,0cadeb64231e495ba176ea1d,32dc5b323ded4e49ad2de972
747bd594a54740458c2548dc,419a46139ba04a38a06ac591,ea0fc257598b4c05bebdf06f
9dd8daf1b5b44710add2a09a,8ba61d803d5e4edda75ba0a8,7cb00681cc25481cb890b2c0
00ca2e9af97e4ad6b7b65b45,3a506a2276e94b38839e6340,e601fafe617842538f8f1b08
c8daf510ee8446549cab0b92,5b6454de12b2486caaaaa72f,a19e2d7908b94ec4a9ef3105
9e5cde4783984cf59c8cb14b,b00b9da1d66e4314ad74e16e,0687b396c1914fc4b9b6166f
2764cd1806c645b287526536,40f2307a3b3242f8a2ba3baf,cfe49daac8d84319ac858040
8bda30ab387e489c9983e6c7,1af04b0c983240e8bcdd88b7,529019b08c114297ada58408
5ecf8a0de2234093b0c7a075,8960541baa214331a4f239d5,b5f1709601404c36a7f4c681
79724f4b0bcc488faca9f86a,f8fe6160d2f349f4aaa11b2a,17e10dfbab4048aa907605c7
64320bea516644a2afd2261b,e23b2aba599d460b977c3cd1,3350bbfc5a4e4e4c93fdfcd5
072660af6b0848968abdebf1,bb69f1bf6a974c7a980c74f3,0e8f1070beb24dc5bf64f011
0f796e7a6489492b8395cf29,dfd8687f32e3415cbb93eb53,ba0d294eb299436d9f9d27b4
9d7c3f07b8e94014957423ae,ee234f0a8c274e2384a40a94,c39a80dee0f5444a8bd4ba89
ab02abaa75274ffdb97bb664,10ed127a681d4914b55e7b90,d3c73088c4fd40f882c3162a
8ce44f85d3b341e1a9d996ef,f3d0cc76b3c54b50918ea434,acf175a6fd4e4c1b9d8c0f18
bac36c65bfc54fb89ae4dda7,785b00dc9b6740f7bf429bc6,6ab506ab945e4e65bb4d295d
4527715702514e70accc26b9,966d62cc372c4cc8a0c04f12,b622a6b203364c13a637d035
8c5b7b6564944ad187b14c42,6636d26d2b194775915cd175,977886abcdb242f2869802f9
c8311562b26e49298a9326aa,8a557773af324877b7f87e6d,a29d8f5fc56649f1b46bfdd1
9d3cd4cd40284bd88cd5cc51,c21668c146a24b509cdd3820,20812348b13b40698c34d5e0
3c4bde1002884c19981bce28,d63fbad3f1ca4d2c8636de56,6515613f3d044d0f9a70067c
c72a55065b1c4861a4a44780,55b430077c214790b7eb946b,d513ced1096f4bcbbdca91ef
9286838d97c849df92436f22,b6b8e659d9894e12b7dca015,7a024a43ff4a4d60b8057d54
98752f7eb0de4afab513cf19,cf0825e03dcc4f719088f86e,3a5fae83df9644bdbcd6d09e
c0c10ef7e70242ee918e041c,d9110848d87e49238998b884,b55304ffb9c84e4583c5e8c2
6dce6187c96d47118e46eee6,a4963d4702004b429b622356,db37c58e41f14174a02bb626
1f24f5d84be64cfea09bf58f,ecb8c53751224d5b8d80f1b3,a4248e721f224ee1a8ec0372
da8b3932a76e4ed68bf9625a,7f93d31f7ee146c5aac05d12,9e37bd3c91a84270955b0663
6c2dedb4218e4517bb4573d0,53653dd4b16d4002aa335531,da0d3adbed4c4b4cbe888774
c635c8ca2b3d4dc2a24386e6,8ef159957d0f413aa7c75473,3a748d2def4d4a0ea755f47f
29633478be494ce5adb176bc,57b79ebd54a045c28974524e,40d2152d70834781ae2e8f44
b0b4bd16af62442485877164,cc0f7597786e4c17a49f9f0b,d34ed050b82b4079b162f969
2d557adc73664805b493ec33,259eb4b3021240e1ae1dcc87,c9a1d7c10bd64a4b8a90a93c
9431c9991b264b6298b7791d,2a04ac30407449be83031286,08df0cf9d27348bdb2dde550
be5a8990724f4ce1b95f45fd,a9fbfe19e8b74c6cae11de4b,a59a4ad2ba344c17999b6f43
a1f8650d5d8940bf82ff1537,a2b71753891d4d10a10e6a0f,48cba98e822a4a5ea551cbe0
6de3bf98ee914122a2f4ed33,2771b13c8cb84f44a4370b9f,46379b6d66f848d89f48731a
189a41e5c92d4b08b1cb883e,9dcd870d9c4942f4b9ee3838,15477f5348da4dc7b74ac178
5b8e1fcc131445cd9f71ec46,c36fbb710e4d421197c30901,5d708f772c914c528fb3acbc
40d68ae536f94e60ad8c3cbe,8ec23f8413f643cbb0a4371f,4f42783e0c554a218bb9a0eb
633edd4ad0034bbaaa12e935,5eda3e96e0de4d94b67795a4,089af110a2c84d07a79a46da
1d7abac59d07461eb7934be9,11b2b5fb50474e55bc59d103,d2636535462f4fd782cb59ff
8574b98f826f4057a1eb2bee,88ef1954f6c54707a8f498fe,e5973f17ac454810b1af662d
7e08e49768a74321bc3de433,3f2007097e4e462084be5429,3ef2f40454594652a9a35093
1bf68c7c83bd414281f1b4ca,70e7cdb546de4b3c913b512a,0ba8e075e8334942b767d125
356df90b48864fc2925e7d73,09b9e7e533214733a602368c,aeebea55a9c146838c7665e9
25ed7886b4b349c0adbe22d0,01fa7fdf824549d385e4c973,6de5ec2344fc49ea899fc125
e9e3c680d9374ff4a348c5a3,8f5c99ff81d848e9bcd43d1a,f2ce79f2279e461e9e5be57f
2b0e0071946c4d5382930ad6,914c66e1c814468c9db39845,1d32ba77d4724ee8a531a04a
a40f26e4547a455290500c13,6576189d363549678d334e76,da831faa47d84bf289fdfaa5
2d46fbaa7b714eb5ae9fd275,64a481aabb144e6dba9220ea,c53417a2af8c42bd973c3f02
6cc71da4045c4e38aa80f9b6,5f6dfa73eeb24dc9800f05bc,a75a8dcdebac49c7b12e771d
23fb9e9d11124fd3b94464c1,d9c200ecc7894531a3908dc4,67c9e61816904be0bb7f87bc
4703a47f99bc47d4a7140cfa,d6614a923d284e76bc9d13fa,deda1b31f72d492e82dec351
73222ddf106a47b0bedfa399,561a805a736f4d8e991b5f1b,0396785ab9db4f7087165c84
26138dba58b447ecab245d24,8b20798341974320ad52a662,af7535b4b716491b8bbccd1c
5513b6460b9c4cc1992eb6d6,420e3d858cb14da1a760cad2,e262d701496d4f658202106e
1d37e038f08746e7b5f41857,ff307f63c67f43a9b15842f1,d7c2f0e44a2747ebaaa08c80
8a60cd32a57043f1bae4e9ec,d3fda2ee35c5404780e77f7f,ea81cf308c7546eba937412d
92512dd3fda64a8bad8f2391,a33f7eda287a41e3aec070b4,82884253f7db47c7b7884d4c
095bfd9f25814f5e9d05bf0b,b0899d170d544533a9b66848,ca7fbadbe5404a38af472f0f
d7d9d9f941b649f1a436cdf4,c38726961aae4a94ab058850,7930e3a4394f4fe0a50811db
7c20defd79ef418cb09e63b9,992f7da5d5d34e4c8ce053fe,f9b19cbf3dfa4096a520622e
e858254ee0334b5dbd457458,56b4fbb8d04f43129d42d96f,f387d4bd44b844bb86e2b61f
9e5e52d3774644d0843b7592,0c64a3d116a1434c92d02144,afe3d9a8215945f09ad63234
bf9f779d00a94d6bb92d0974,cdbd260986d648629a1a8b08,38c800fcbdf746be99a20050
4124330262de41de80fdc1e6,39561930d1f04c5e92ba0d58,aadd18f096874ac398ddb3c3
3c3d38b5c8294f7b9733d3ee,2e1376bb106043548fd44f1c,dd196df47a164e36ab94b717
c54f80919dbd41528968d2a3,41052c974a33490cba6d4030,6f1c50eb68134be586677cdb
bb0ffd6f92c445e68c200589,680027811507490492ddb9fe,6deb42b501ee4ab0b19fe9a1
9435c77229d248dab5f0f37b,cd083108b8b74450946e15bc,5b2e36e8ef0a4d7ea524ef60
da90d7dee02d4ad78d78962b,9948b943a5c74dce917ac4d5,6b2b60cd9cc049cb98a62654
f3fcadbd13fb441baac465bc,d4062fdcfe60462a8eac3e51,e45752dae837496dbf8d8cdc
039c1ef671174a459136d0c7,95a5917b270b42d1a1bbf7ee,edecf32d0d974046b07a904f
aaf193d6cb644d82a4b1f238,7bc7475ec5f048ccb25930b4,95e1cb3a27de42c3b54d4054
12e9a3addcb9469f8283330a,2f415dc4439f415c91d3feb2,f7d246119bb1449183fdd665
34f0fa337f3e4863b1b0a655,a29f949a4fb647dcb2039e59,e3b767e051cd461a9b3b3fce
8a1ebbe166134ef79cc06863,d06789626fd449349dfd9ee8,9ee4fa738950407abb483d6a
0c301113dda744d7856de28f,a7e38ff3339b41e6b5b90762,08bfaeaeec0243feb475047f
e0198bb36c354298976360cf,28679436e8294d0a97c3548a,e87f487cebb04712b332946a
76cdca3d8a2b4facb7747502,ae43c0314cd8472a91d74d64,0bdd4f67ac7542d0a172338b
7a7c5dea1420420294aaa9ad,8db7ec5639634ecdb168a3ba,7ee9166f03d94b61af123c14
43dd024bc6b44654a3f68d5a,6358a413fc9340929627c592,c7184eaae7074d6ea22d083c
b090286d772b4d2e860ca4f5,dfc6fb4fe00f47588d4ca666,7ee8932c0682428e8784c7ce
edc0d63025984b3baf965e4b,6199608129bc4922ad35985a,706fb4327ea0490f89761989
53c31fa764da45d4a9ccdce6,9d009d5ba57d4dadb103af3f,6bfc74eeaef04e1493d2a221
9f51c9a1312c429488ad0e79,9a6ef616ad3b4569aad0389b,da78dbbbc8d943ec92ea2bca
128d0f44e1c949daae44d947,ad2397b5175349f1b0b1f665,ec64823c03bb4b98a8121d56
07d3c69df07f4b5dbf01811f,e9a6c50164264a1aa958210f,1ad3148d87454751a9198bd3
41eac3b57a9b4068aa0a7158,470dc8ee18ef43a8bd8c4f01,deb08fb316064de183f341fb
54af87d9ea8d459ab353bbcd,2d1bac8f05084900bb24f792,5109b361e0dd4fabb3d9201f
509549aab2c644e4b3d98742,d8845fba81e14e06aeb89cfc,a632978e56bd419cb3718054
c4552cf4b34c4faab17167a4,0e96dff60133472c85593906,110e9f546b8944c680732cb8
6746fdc52b224e0c89f5f647,3fab8f5d122c449c83649d0c,81cc10252f644b27a7653f84
338ab305dc314b09bc82aa2a,38f9c134bcd547729f287df6,dd7fe21a2d15451abb9efdc7
602daabe139a4d4d9366db31,b1de9883579e49fcb7e026a8,3c3b7940e87e42d9ab91e6e9
8c7f3a4a4dcd492fac5049ea,d86c2f60605449ffa2c4dbae,d81bcd6d0f0043508107c0e9
f07de523cf884d299af621e7,3d8bf4d98a814e3c904d3d5d,ca6b49e03f20497682910837
35d7a954d568480f946abda5,1a2d083445f54c2dbca862e0,2947ebec60d543b1a1dff295
7dfe25bec14944638dbf3b11,53b1539614b14a3c8c3a6d6e,36f5689e962d41168b8228ee
7006d0de4d6545d1b1d2f7d9,b224763e82104a55b5c38633,0117e5e56e9f4c2a933b2cfa
3055d630dd494a079340557e,d66fa8246fb74a3fb5017dba,ec4af05bd38042f397e38de2
6bc005f7d39f48afa3e51e94,e0f063dc730a4ae2a4284af0,354dcf10f6cd40da9cbfde71
f86ddf3b60424327b5705369,701198b86fe44a8f8513dd76,2cef475c224e444ebb873145
7d0289728dd44653a3bbca83,4093d255cc024361a7977f3a,e62eb634550841fcaadae234
c3795b4d82a04e859f0a9552,468232408c2e4065af35ea2c,5c1f41491b0d4155a520b5ed
a303bffcb4fd4a9fa9d4e3da,68a3ac4092644e7482b1a0d5,6e0a294c6e284611b0c84977
430832c40a7c4fabbdd790fc,a1ce9f1ab63147a3a9b35a91,81a5f7d30cdd403597619c90
70f5ece97c584eae97f53ab3,26fbd455f5ba4bde84d25480,b4c9b8810f5e47c5a4d69d78
58c19eccd2b54a85841f25a6,eae06280c18b4dc0b30c5354,6a8f272bbe254330acfe82e9
8b8b079636774c8d86f14def,28ea4ffc304e4140abc8444f,d7921756a7804f209d6d9d88
210d185bfd404736925ac972,3b0d15d760334f7a9e31181f,6fb6a07f8ede4842b7f62267
265171ef86fa4cbea4b6fd69,20d997b38a5b4dc2956c3d4f,f404abbbfcda4a989a0e60bc
6fb93986323a432499d6f2c2,4e35124dc97a4dd19050225e,9a2e7098d881496480eb972c
b154e3dcb4b84f64a288ac96,e5602f1da64f48a8a8383bfb,a370437864c44e36a066c4be
83eab21db4494249a1bbae7f,de9ed33c0dfd4451a8a69eb6,51d70b90b20846a88d3e014f
41ac0e0ee8be4914a77c1792,f94c36724003436caf913c89,519548c50448452ca2aba1a2
6aeb4ee37c014251abd70690,d7208ff5a1a44d8ca64124ba,7662445e930a48aaa64c8b97
a89768d598cc4dd0981fba7e,4d541a7af0294a18b71e4811,b7407ebf347e470eb58030ec
c0c06b3cb5944de9a8af223f,8046a75d769b448ba0a08d3f,621bc1c4df924451a387f651
950a6835b40e48d6bac7d69a,ea0bea203b044465bff96f2a,30ea827f63e24986b2bec242
da0eadd301874e8388fae3dc,1210cc8f94124206a7cd1c32,9111f7c6914347d2820a239c
1c8e8ecdabe74e07b9363a59,2f7be3d619fc4db5b35cad3f,a5903977caf1454ea3bcb919
27c544814f314b2fbc62e3de,3c0e689fe40d4c478f026696,623312f927f340d0bc8a280b
ee290fbc0cb748d4917c27f4,798f4785003f48798644ec18,e644b039d08c4cdda03d8c0a
7420f43de5cd47b4982c68c5,6c0fad204ec54f6b95254ef0,c6cb2ed1610349b593076dd1
0c0049fa43754a44b4b8bf49,dcc90a5d8ce948899d699df4,8934a4d376e04194930a84f2
d34e1b86434c45b59e80f6f3,fb571ada02af45f6a793c55f,ca081fb3d3e742bdb0703502
438ff72bcb47435e8a21e8b5,bf97fe6f7c1b4854af46d079,fc6190c55b79472cad5b58ed
ffb419dcfe07476e80e70c7a,2b9671c3acae4ac388c55e5e,2b71d7986b7b409b9c79bc9c
8c6b6eacd0b7442f9c1ce151,2bd5828ca7494bb6b7915f59,1595c57cd6f94f67b1d85873
4e00db4ffc72416da9450cd8,20cff0fc7a6843bca8b2fd2e,2caec1732ee8463a88d2565d
78387b67b41748089ded6598,5cee99fc1b8449b2adb7e037,0d1c100cd9b641a09856db5b
4d36d69a06c04822a64cd536,ab2cbcfcee6a48d482c8da35,e1de368e0d5c428282148b79
d66e36fef6644737a56f53dd,50d1f774d3ca47d4a27454a3,50d554764a7e4e8184dcb753
f546d96bf6324681ac57a651,f4993aac702044e690e26eae,50b19e23a2c94863b1322235
35aa7be75e944936a202594e,7c81c810565e42caabf30718,499575a4e98047c3911a629e
08d8522708bb443db110b66e,4bdb091eb16a452d903ca2a4,f58f1d4a4c7a402bb1e740a3
6e814a173c2a4f95958a6b93,b19746fa5a6f4ce5a1ad6e8c,a7655f3562164f5da97970c8
1ce458805c104de19184372d,444de68a0b804a5bbf04cae0,4b360ea1a3444052bc4bf5f1
19d70067f5e94530a1195c35,66907867fe1d4651989eb42a,525f75f562e44aafafe07f9b
c7b908297f9142f5a1231e31,206daf67dbe440a287c1f938,4b156ce19f3441ae8d214ae8
9519c08aac6b486799214953,3d1a384613c64ce79e3bc0d6,ac0f1133678942198d666505
fb75f6d1bd4942bfb5384a42,aca6d5bd2f1e444f969b24ec,cf679e9240fd4ac095a7a754
44d3efbef5da477ea1fb4699,fff3c62922ee4fa28f2054bb,4738ca0106494689b656c935
17f0fa82b8984110b89b2ddf,6ff3406f262f43a79ef918e2,bd5400173e034a47a428008d
505d3c85fe8f4e30bb3610d9,8d0642293a0f42fd8a17a870,3ba868341d614ae58308f1f4
3e17decaaea04d00b13a73a6,6ae437ee06ad4aa3ab58bc5c,4e5de4b4e5f943f4942af5d2
1b4970020de746cd9baa4d1f,b8ffcb24619546f1b28b311d,04c8d0429b334ff881c10693
7474d4563742477b96f8f295,e216fbe89dc8479a90c828e3,7c53e3297f684a3fa6713576
33b5fc0e5c70472da95a8e7e,b1d8ba2a2dfb4cf08d454863,f04faa21470647efb69cebee
93cbaccc93854695bdcff665,2f88d1efd3e445feaa26a5e0,eddd52392dc24a53ab121702
7bc191d2c0624d3981e7fd4b,b95f380e75b24042aeab8610,cff67c10264d47c09806157c
cc8294e634d2446f825464fd,287ba545370140028b02c659,0d0343e811db48ee9aa105be
997873ee72584094a9fe5c69,29bca974d3bb4b9999bda35f,343dbf0cf58d43f5b759747e
f2ce57865bb04fc3939b1e6a,85e642fcb73b4ee4820957a1,c03dced6f8544ede881d84b7
97cbdadc819e4891ad6bf846,713daf3bc5844cac9b64c966,d36946a732c34d1eaf96e44b
5706333c5b83495a89bf6bbb,40dc96d8b44f44e1b227a5b7,9b2a58c8a31d4e9e83632929
4b96c8238d5a4f9a99bf568d,a0b65dae988e4838b7b86945,a7cd614435584c67b63b910f
e859f823ff7e4725ab6b7467,a4a77fb19a964bf2a4d33234,c7951f406e6342879ca075fc
3b00b7fda9174396a44d1b3c,70c8883d316a4442a60b88a7,580a814d324a459dbeb3704e
7d8c141b16c3473b9fa711c5,13a9130d29a34966904ddb7b,47f42b7a0f91480db5a8044a
c6a909d5095547a8befc49a0,a56c2ff2d5164ce08b272666,82dd48312ee74275b58d5516
155fb3b4bbfb461284aa9728,c6c95a0627fa40df961408b7,e7b2ff42f6684b76898c99ac
244014fc62bd45428f501297,4387ac3535e64e2b8a14322f,fad8d7d5b267478cab1d44d0
e783c8b3728149adb5224dd9,0161ae248dae4d35b951acb6,8d94ee3cc06e4fb2b46fdfe1
3aafe7e563374c50a45d19fc,4777e0ebed324e24ab0e3ec7,a13f18ca755a4c2ea9cccc70
4b57f27b96c34077962a3795,ea3b716b0cd54008a70e09e8,9c16b1ebcab140b19118a734
9a551298e8f54eeb91be5fa4,1c333728c31c4727a172544b,0b9a7f7920a0438ea30d4b3c
bbe64b5e35704423ac02d864,48fe431dc97a4086ab02d3fe,d669423f63f44197bedec954
459a609d63114593b67648bc,ff73571f4848449ab99f935e,40b1c71c20d74e0ea8f6605c
3c4c92f8fcde43b49bd6fdf7,d7843d89ca344277abfa53b8,6694c0cb36d14d6ab88702a9
cb0619667d34461b9ff84a99,af0716dbe0194a4187e49467,6f2cf63591f7450399f00bc7
45907f6cb8d841b0876b4c06,2bbb25e7263d4e0da8e4690e,694bd476c8c24eeda8eb0594
ae74b7d0fb5f4f41b1853ef0,6e86a84e7a7c49debbc0a6c0,f6493decb52d4896ab3346be
7c0001dfab6f4fe2968e4fb2,bcdc49ed5e4249ba9d064f05,514e68414b554f39b92bff93
6555fe910fbc4fa3ad7e91dc,429e88f89d2d4377be7812c1,e7cfc6378c7d40898437195e
5542dcd0ddc04197a1fd1da2,745733d038c34de0bc50c1be,a16454af5d9f47b3816613a2
2b331fde6f924899ad10131b,29e49c16e55c483884003bfa,2f0b499e4cdc42088a77a364
5b4235a963034d5085ee5225,7f48cf1da44d4517a87a3313,66a25718bbdc43beba6a6ea9
1682d047fc7d482cb875be3b,147a707a4c004bff9cec9353,9528bb1231e248b2ae1aad1f
7547e987ff7742a0a5e40f15,2226048b21514874911857ca,7229174133ca445da826cd1b
086d65d1e85e42859339548f,8c8555ba25ac469ba445b8e9,d07dafaf117f460f8d881f1e
e4819029bd474a699b3817c1,8c45f7737d8941688982abbe,d8398ae67bad43cd90aa38a8
f7e436876cb04a5cbf2ed6fa,67c9237f9fd74c1daea653f4,a8bcfe37186245e28bb0f1db
d6483ecce90049ffbb679f16,3773355f9a1d46ba8fdb0d24,e1b769e10a2a48cb8d53648f
2bbd6be5f7b942bcbd31b28b,e94efef8f7ba418ba143ce28,2190bc6388494f18bec8d5af
6078f2b4b40f42af897b8622,21947231cfb24d6dbfb0a430,5155025943b0407ca7c878f8
dd8837ae00a14cebba5d1808,bf46936df6e64221b597aed5,1d243afe81624ce5a7640063
9672e5f737eb4529afdb28eb,6173acc44a004fe99113acaa,201d71af5f9d45f59b669ad3
c3df65bcb35a439a90a006ee,c90176fc9a8e46bf98676f4d,89490c377eb74b5fb14a61a5
b35e76e90bb94f4d98bd36cc,2fe628d77ea6400fb3930b34,19032c6d512d4aadaf562c66
f20f17d78c5c48b09941336c,763720b3113247d68a3ebd3f,93fe0ccb5b584f0997d2b754
d4c874221d7f4ec797416e40,313475b33b8f4c899173afc0,e724fd2348114efb85521927
99c5f26e172c4da7b5167583,0a8d9976d06d4e72b13b5d9c,0a8d2ff7e92d4f14ad30aaa4
ef4bb0c022f341e28f59277a,3dac76dd44534b63a8266f3a,01b9ec81e5ec43a385b3760b
39a1dcb18e9d4c2bafbcebd5,93d61ad1140d4e8ca540289f,29a97912ad234c0e8cee716d
23afcfe9d22540c68e8ce04d,e7c2c12c5b0543ec8250589e,627d448d8f2848e4aede1f6f
9a269b13f4164641b11bec7d,3ac97a1768a9449c9020fb32,7882bc3c9fcc4003a8d94e89
e312b4ee4cc24082b477fc3b,7f1a99f70fb74d4ab1d83f10,7105c6e9b73941f3b5550231
ee937527a9334eeb95aa5ebe,b4cb72e23a9449ad84ea8445,8266e014da0b4d08a6da462c
ff04bc9a273c49c1932db7da,53ee6b2db9ca434b9e0f6fe6,ae7d53fdc3764ab3a8e49596
f8e7b219fd44455dba837c77,9b319165e38d4ce08b8ab447,6cb3a3fea6ae4225a68a78d9
ab7d88c9cc8e42869f7636f7,db624d4a23eb4781b8604d38,8789e70c8f4f41119d435399
b7bc577a17cf4aaab3056d37,26f6be537a114b3095d26758,2f2cae8a68ee4da38eba2441
43fc44d59a6d46338ee29a88,b3128c5c28fb4601ae5025bf,ce02e087aad64c8aba823ac4
fff6ccdd734542129f1276dc,9427d2bc4a384d9cafd82e32,c6b323d7035340d3b1003d10
5f5d06b382b24469980cb21e,c1f312f44aeb4655a91d0e85,2bcbd0e604f446b4897eb32e
55814459ba714615889103bd,19cb7b33a60a417db94e6141,746c92177cef4b88a0f627b8
bdef17b2e8d84f248935fb6e,2eb7ef258b804e34bd51ed4c,936f72142d5e474cb3eb1b4e
d14abf935e0b4bc781b35f89,fb4c58f7a6634443a636328e,5defcb5380d54c2a9ac94034
6e1dd35518ae48d68320f718,96ca93158be44d2ea8f9b0b8,f8aa5eb7cf4b4ecebffe7023
359a7c2555ab40029fe19962,d6959728f5524151bd5cf781,8da4bbf1d97f4655a986f9ad
47d6de15120d4066a697208f,701ebc8b569147698cdd15be,e3b13b6384d442999b18b81b
6881350cb8f245deaa342350,00aaa37bada5412aa1c9369f,d364a25754a241bbb85a6f28
5f0df8f466944943916ecce5,df228f7d63504701922d2e34,0eeb6af0cdd44b2d9bc666b5
1d053eafc3ed4a66a48f4f70,2f2b1dde5e9344a289088def,03c5907a66e84b91898c60fb
24da2857c86640a28165ff3c,d91241a73acb4596a7a9895b,ece42e0051bd4efb99cb4d63
13ca88037b494b84a6d5214a,5403ad0b0e6a4dbfb13abb39,2ce01dc949604e10b1a09420
ec6c870a5c644890b0da1c1b,436af961052e4807b670c8aa,4e97cc6eb2184f3bac4e0f1e
885a36934b0346ed882acb3c,628621bc93b44962bcec892d,9d496a37365340d9aa9e9f3c
e52424502f4142c98c9e0782,52183d9a0dbd42beb4e0f930,3453e4b888a24abbb91d2f5c
1b2d72cdf7de499ca070e312,e7a3346a0657449fa872b168,37777718e76d4de18c9fc9cd
16a59ffea42943cb9e0bb829,904ca869e82a469f9dacbb60,1d2462af1c5e492db8a94fac
e17b3ba83f5f40e5b09b717f,dd2979a883f249c0931493eb,ca6a2760106348eab02f3f58
c8deaf044f584acfbd92f1ec,13308fd190a3414bbcd6234b,c0bc27e8ddad4f5b9f7ae11d
af6efc0fe56e43958d731c3f,0b4799ebe8504c7095714520,965fbeb0b5aa43d3ba09ba18
fdcf9dda51694fdd8b1a9031,623331e2b72a4e33a46b617f,44fca8a1bd2f458481379fe3
c98b10198a354a0297fcb090,40e2abaec2d645d79efd5024,b5160dbe661f4c979b3f8338
ed772215ac624d95bf587185,a15df6b13e8e47e2a807366b,05624e8589fe4bf996b82147
05203b02e7924f4dace29a9f,45adf5878a6a479d84b11314,42876db93b5a418fae4236ed
61a53e32634c4886a26b78de,a95cfad4e578403cad5d5c72,f19ddf806bb445c9bbfb484e
dbaad3163a024711a2631b68,bba98faafed946f0afec507f,bf971dfc2da9411c9bda8abf
3a305bb41cda4ba9b3da389f,09c1f5d344614a23b6f5b866,7acd52b1f63b4904b7844155
f4fc8250242944e0af8df496,23b6625978b24dde95cddffa,36b1cf1fa81140b1bf4fe909
f93823f8d5284d4d9c1faae2,1cb9270c8a204a50b9317c4a,98846c1fb24142cf901b5d4c
0629d754dbd940158f31f2da,6545731ecbb04caba313c047,96d1f92c0c754134a08e465e
4094236b72484334b76d2900,cde0debdaaad4c28b62abd3e,bf00334757254909a7cedd84
e03040da81454e839ad7d639,ceb5b6315a114aa9aa774dd6,6cd6956b72e94906b5fcc184
4c3faaf6a5d04e25b5aa535c,5a44df55f6824dc7a30d4aac,94d6d8aaba6b40429e05f06c
c965ea84890a44cf9fdfee59,f27e3429dc3542369685ddd7,9a1efd2988544a69bb9736bc
65a6b6e8b047406c9e778118,aeee6e81aa1941799a719614,55173dd65aeb4f4d95d5c511
81b0d242807846a5bb8b12ef,fdc86a7cb33a4f479b271752,134381963ef84008a57645a0
8ce3e49c5b094a34a828112a,81b99909d6c94585864c7d76,cb8a9f816cf346aa8f97dfd5
5f5b2f62c56c44d783aa52a7,51382c4f6ddc41068cbe94e6,743e438878f74c4b8d1bab93
ee56419cf5ed40279a322eb8,697ff111422542fba3626915,930f3a6591354903ae2dc097
befb62b57ec94e6092b00729,2d892c08d91a479baf69a540,4fd26f39acb343a2a526ca17
9bf99641016542979b44b99c,9754f8c723f14532be68111d,a55f1c1347d94120bebe8095
7404e0288f254521bad6e3c0,7af2d713cb7a411fa6b9c77d,36a4bfbee414439992700c8d
5e09a9cd85604e629d071beb,f9ddea626ff24808b37fd0d8,52d152f4281f4db8bc5410f9
d73583531b894848966c113d,ffdb8165c5a5456087473f68,17b990e8e9f74b909f1a5af1
f6e638b36293460586a2b132,0116921b84f0439ead89c2ac,b23786ac8c6b4dcd86b21f4b
d4679b91d69c48458c43aa91,f571c43cf8504c41b709455d,7141552016174c8a8d9d2964
97b98356e0d540caace6d279,226bd1ea55e442bf9c5f932f,cb0603af4faa4ce398b69b3e
a8bb5456a558495484635a95,5607364715cd41af92c99098,c0b44b8b1ae54a84bb52d984
3fc83b4243a643a4bf7274fb,4587394cc4b44d088f411dbf,ab2f2458de7d4eb5b4c91af4
4c1ac7943f5b4dfd8ee6fac4,5654390e3e9c4d3cbee4a394,c8de5a4d0523403ab768b881
e5a4f527149d4de2af5b5b32,0a9ade891c3246d4a3c168ab,2b1b0be5780a49a7a921526e
1aeed1c730e24d3bbaedfe2a,d3b2b6a2228947fcb9714e75,edc737307be646eb89d4bb6b
2a044ed52c354dbca4ccc5c2,c1d5d4cdb81e4fd284e08d66,f041e79a3988484da5e42e1b
7a791f52c2a34f8ea8e463e6,f1267ce0ef2b4a949dc10a61,f403cd09cfb046b1b670b684
11038f34d9404903aa96d7af,59aab70a5a674486a7a1aa0f,d7d5c649d8be4ad3ba4724bf
d29e550566a7433bbc1f32d5,ad191a4205d542998456cfb6,fda8e8c9483f4f21800870bb
4adaca809f784ac2aad00eb0,6b6cb584918249f0aa861538,c2a7397d89304e4bafa7815a
976bcc76664345a886ebd7ce,83d9b1f523ed429899ec886c,731225a8c0ed403bb9a7efc4
ffcc8a85809a4a6582647691,3cbb668013134ed4a44804d1,92d0980e0d0b4dc391b71766
7c2981743a204d178865415d,f78157053cd143cc9d580e87,313d6de9e2c8443a9eff036b
2d73e0cf0c63405daef7e3cf,6f489d26057a4ec2b5e8758e,284d83255ffa489abdfa9cc1
efb5350ea2fc408ca7d14a23,41c59ba4fb2f47cba0af07b8,cc1581684232465d8536212a
f222839f731140bb82759f5a,b31e5101a8454841a4ddbcf8,cf03656178d44af59e9d1a27
9693b1eb05ce46eba47a61d5,fb371731ce5248f0b58e2d49,2df305b602524d129780fca8
65059e0081ce47d892ae98f1,a0f7badf8cbf4062815f8b39,fa1108390c35421383a41cbb
3c750e3f84124e20b8cbb2fb,90fb654cf5994ad1bbb06202,f6322352f72d4578979d51c6
28315ba6a49d45e58c944c38,01a3fd7cf3674fa188663004,7aafc7917f944ffa8dc7e776
67902e2f3b044e30b9428170,0e1455e2dd3449029de31c69,566b246d575e4c09972361f1
6f280bb8269a47bf9255c10d,86fd4522c5e44e50948e4a56,35b7ac85d4174674a6eabdae
e8c5c0adae3b4d72a92dcec4,02ac8fbe9a7247a493781003,45ff5bb9a1da4ef9ba3b010a
a0d35dc928d7495ea1046254,1661ca8ca3204c5e84942d04,ecebe36e02594fcd9c9c7be4
329ead8f85834fc3b76175bd,982c9cc29f8646a091a51a8c,378bae67f41c46e9aab66c04
ecbaae889ffa403ba6d0ce39,d01e99e1caa34836a9b09e3d,0aa188516b4c478b803af973
df26051ec23d49489f700555,bf9d6a7099cb414ba4def7e2,4291f01249564a0686dec0e3
bdf7827bf4ae42d6b4ccb985,e1b87c70587042489feae002,f8a3e156264849c0ad1e4d78
2bce63d7879746aca6cabf35,2851f63804794635ba7be417,64f680216cd848b9a398aeba
f27b66f3beb44f6f8d8ac95a,554aad9dc0d2417298d84792,c74781800984472c95f10cf7
58d65585eaa14986bb255c9e,4573bb9c0e904a07add8086a,f36727b65d8445cb87e71a5a
fb1912c9a2df4ec4b47d5f42,5df320587df84660b92684ef,deb9e4b54228455bb0b3e976
9af5020576764a349cb9109b,a617576321a94115af827857,57c3ec4223b54d53a8fbf6b8
ec4f7416196548bb97fcdd72,a503d23696e34b15b8d81969,2ade250a15bc46269ec619b6
5a88bd15bf064e23a04141df,f2fc80277fd74a5b81555dce,8068d567273b4eb18ca9e221
7a74835af13b42abb80f7ad6,522785a5e78b4faab8471323,f01389ecb476422a8fda62e2
14fca06703064b38a2e960e9,150091f1b1c44938adb5db44,c7ef13a09057488c88fd735c
df66dce58ece4f8a9eeb56c3,7b56646a2649452bbb37a7ed,208510ea4fc942018b501667
ff83e95f5b9d43d98054745b,7882a3d96a17442ea916ea50,2cf99f0cac62428781ba390d
a95c7f251762435cb7cf7e09,659b4141f8db4b899c6c7021,32cfa43ccb6b46808194b387
d5603e7b020a46c783684a9c,4c03ee2b40a745999ca5a7e6,38bbf921b86a4fb39d4f5786
eba76d549ef94e5ea65f8933,16edca7435b34bcda8e93b42,5fb59553dff649faa198ad0c
9ed358df56794f51b44b09d0,454c8da9744240349ca6abc4,6230ccfe38ed46d984eef58a
e1a4c91f44ce473d99656ba0,b7f85fc1bc2f44849a5c7dab,6b7f4df297b84bca854cf91f
68692a278a27430796678c7f,5607ef4412bf4447ac40194a,35431aa6a5ec412bb00ab509
e0efac4030184f758733a4af,ebd3c57db12b426a935a7217,6dc16ed78c7340fd8305209f
4b1b328e726b4b18aef2c0ff,164723859ba74d17857d7d27,2a8cd37626fa48a4b35feace
dc2c0fa97f8a48cca90e3d34,4780ab2e9c71457da82e7dac,c58234722a874068b2c18516
ddfc89de56e04025ad333c56,818805e2f1ea40d49f5bde17,840bbb6d20de4d7f954f4206
f9e69fe74b2d4a278e9a97d6,5fdb14b68d4a42bd9ac3c912,ab401e7182024926bc9cdaf8
1a52d04121a54c9d8dd06c49,b3c43bf5b4784b50b5b4e9cc,0166bf54c6234b3a8cbfee86
fd7927f73e38446d8447a7a0,96d18aa55ee24498a7fe726f,4f7d96e23f2949f692340d47
2e315fad937346839b5ca9f9,b9ea6d4925594bc399bc518e,f12a694ab340463fb7d867a0
666354c743174c4180b3e197,22952cf819304192a64898e2,683161671c5346e7a859c6c1
7caf9e81bc9346c6b10a812f,651705130d814b2ea4d6a492,c62ad77fb34e47eabf91eeae
9f1f6e96700a49d9858e5cc2,e2757ac3835d43e2acc2018a,89255b21065d4affb4c9aec8
634e64d7ecf54f2d8c5016ea,9119976c8133469cae2f684f,95ef5030b44c478898c24892
1d72a45eb6364d96b4ababf6,ada4ae793f344e79b5913312,305d4749bfdc4930ba9f51c9
258fa8e92da743b7952ba824,2967d380d700497ab50e2dda,012ccd5927c4477baf8a2a9f
d4239bb9c7cd4699a9f6e5dc,4d5a789596cd4993b4160e92,654d82505a9245ca9bbfd399
5053bbc3ea5e4603aa907b78,3be33145644749ed8c70d8e0,9510bcfd09bb44a983729014
33b09029db724959a4182976,add21ee42faa465b898f4a78,bc23855bd5bc4b79858f167f
ffe8902bab0041cd81bdf00d,4c6bd46611b4425f8f2d3bec,c0f4cb40aaf248cea8cd8728
0f7e2153b3e445618b0425af,7d80785b3b344985bcc47d43,fcb6373beef04734b5aa8d5b
c5f85db380df4667955659d1,bd27f6895add438082438056,b592ba0ce71a4bbdac7319ea
76e021a826e24da68a618db8,67e03b99495544aaac4b03fc,a120bb12a0b74e888480d838
1d7b53db102249a393915454,c4457a9183074478ab00f07e,33a1d63a84e44844a6b3194a
13c6359a4bf14a5e852c8052,76dc508d3908401197a93951,ff62202dba5b4e2e97740320
0e6d9f0065d24c3e9bbe8b87,90d2395d92e3441ea754df0c,acb13a26eecf4f3698556ea8
3c2f78b083394077bb322ad7,2ce5f8c92677429cac03f55d,16b72990d81c48b0b4c42542
f0b09ff216c04f72aad40319,dc32ab7c40a44235ba0a2c15,244be872e2b14be6a2ac0c92
f19bbf72268d408b9628c50e,ab834508aa4644c0bb66e04b,c5993bbfba234cf28ae98f62
a2aff3aac9a348d2a715e72c,5d4ba219e7c14c16b1ada235,053f1bded16940f39d78a7f9
68a75d7421194d41954d9b2b,bace460cae494f12bffd8c8b,cbe455d6ce1245ad980b6f94
4dccdd63bfe54828aaaf2e6a,953b0e79caf744719dc18eb1,4180c97b48f44ed7909caa2b
b768ed9d34b84f528ff457e1,92c6baf1e5b54b4282bb1001,caace5db47014cf0a1523fcf
6e42aa9ae3ab45f7bedf34ec,33a8fa7d4db14674a0539042,65b2ebfb53b740a799ba6c6b
d94381c9c5b342f699417d87,f4a7c6228bcb46488d860004,55c2ab72396647ba87702869
acb3c8e2a22a437fa7d53b9d,5b94f84203a44f3aa39ae8c7,09ee0f43ba5745a2adb980ee
f2419e27eb7341178194555a,91266f6fa17448968b9fa63c,2d1192aa7ded4919b1e778b2
671bac04ae0e4cf8be65b3c9,f5c6d12097ed452b89e245a1,97b4e8f0deee4fe2990bf79a
bb7399b8ed5d4c16bb6c5f17,0af5b56edc9143cab209b5c4,2775536d83a7407fb2498d82
a9b03e680c2546dbb0bcb8c1,099e0c5fdfa54e3180cd8855,7474e052171b4555aa0f45b4
0d052045de0b40e89d0ca842,6a24ca23393e40cf80070976,1db07906daea46cf8c2e42d4
b3fcf3750a524d5aafbc2bc3,987ab73ce8004650b2373854,5efdc8c8cd344ae1951f8250
993057c262724e32b104a695,7e679ae4a14f4ff7b9a88167,6a86dd8be26144be9b5ccb7d
d8bdc1cb1b7f4129b752485a,d410195334cf4bfbbb928198,996fa8dfedfc4d1485eb1418
703a04e6c0714feaa1a1b588,fe7a90f5fc5f4990ba3328b5,d2a39d5bc0d44260b7289c2f
a869a5b7569b454e89d03ab5,40d0da8aeb77406c8dd58be3,21abc4cdf4694407814bc02c
1ca81fbe5f6642d98c7efd55,08c65be8f1a24a8da5b89e2f,37df85de0ee04f30a5afd8db
61ac56cf52ac4b148f4af4fa,23cf4ae9302e45ae82c6919d,dd50af10c2fc48b58179df5c
dfb8a373a5f6441caef31726,4bb0bb2d85a64f8e8604bdc7,512819adb2c945e0a3330f52
610ff7fb93b9437e88973dc1,13eaa019eed442b0addfd820,2a0a3edbebbf4b3595aa89c7
6410673e2d8c40779605b7c2,dcae94f7fb084dcc912f412a,dbbca91ae618438998843983
badb98236dcc4223bbdb7e73,b70e1797717148de9791e104,4a113545fbf744dc93bfaa92
47a187104c544bcd911783b9,6fc3432e15c54f74a906c2e4,45798f3499df42e79cd184fa
d8ab4c6f3b4a44b6a20f4498,716a5b6aa30e4e958ce82c7e,2781ac4d0b664e6fa526a716
bc5059466f804948b19ec01f,aea73b556c094ae89e1b9fd7,0d971b6a416746d39a29096b
6a2cd9a2a8754c2fb8420210,8cf3e8b1883e43f7a6c68885,0ea655fd0dec4062b5045565
64455d7211674858be318609,ec5766f362404e8fbe1b2f10,6b492f0ee9ce4918be5a8c96
103f56c677f241eeb16d70fa,1784470e3bf34a2c804f795b,6440980a19e9402894a56f07
a99d35f18fbd4fd88c78630a,37b04bd312674728ae8a566f,c7f6713f5fa84b6ea0ef5285
77b489c633824bb493ca81a9,23b019a3e8d24f86af8bb193,321db35a713a46c4be9daefd
f6c43be01809432aba17615d,09393d8084a645b98fbadb1d,cd60174c47304070a8c20eab
653ba3a27c3d4080ba154d89,53149be2f09e4ff2b7db4050,29a652a82b4440b687dfe395
496b97ab592349b7b8e17a97,762f4a319fd144fc90e0486a,8a4954a8cf9045a0aab52200
832e292c84b84eafb172b4c4,ba9ce387247045379497ab3a,45016f8af5604b0c84e9524c
4de1301317024b729d288fcf,2bbb16045d984462839125a8,86e0cd156db24a75940fb74b
227f709ba732428e94f7954a,1a5a1643f38f415da443b5e8,015e86b7723c41cf955e67d5
2d0e63e036dc47bbb74dd804,234b620f577d472ca335fc92,4ed35cba25b44c5aa3cd07ea
ff9896a72e394bd2b43bd684,8e1d2d1052a84d5688fe1b6a,96d1c94591e14d0f942f8a16
f3dc3ae6b76c4da8808bccbd,e2d83f5dc707411f9765d15b,3e1fa3e0dc7c4793be9b93b0
b59635c00a4e4e67be938663,8c6cbf45571b46e48fd46cd9,1590783e88ad4023ab0eecd6
2a13d3d6b9de4d969c758add,557ee51087434f5dac823d49,8ec7233b1ee74fbebb08a1d5
cb75869f4e834c9d979f7c47,ab92ecda35a640c4a4e91b57,e3fe8b96297e4d0d87186b3f
3122fa2bdc714b1a95d22fb0,517b7de65eb54cd881cc9236,eaecc6459e7d4b118dd37e55
c200e2c4dacd4ad186e4c581,ece55c34e785475d8e90a7d6,88741681816c422ba9ea7fcf
5060d16e187f43bfb137c247,013f7c85f6d5439493fd4228,e9e9eeb11c424dfda99d3fe8
06acf5e2c03a468bb2d1986e,9e3522346e8147908a50de9d,d9ef66a581584bc0854a5a2f
0ec5b73b3bb941e4baa476fb,6c0d48b57ae444859489a713,73ade7065b77467ab0333197
e7b3e062ae4e4f40bdec662a,8b95fb5cfcbe4d719976ed3a,448e3964ad1d4a508344cfc6
01da8e448cba45c3aa1b2c3e,be6f17ccffee4a4a8dcc1c07,3a01f6a4530946b7ace13d4e
1de1278dc64c4b70b563f3e2,e7dd7192c7ac4a9e8ca1e2c9,b939350a5d9042feb420f150
48de3c48a76e481bb4d9d796,218d81aefbf147f5b90d28db,d47353e6652149bab0cc648c
ef7624d0cfa8468db4286a19,5fb557ab402c40768f1162fa,c51b9d7faca443a9813da97d
5015ef1403b641369375e533,ef1866d52b56469ebdf810b0,991a5e92f30f4194b4ff5a15
b9b37264a00a430f9a645459,8fc317c77e024c45be7ea8d8,68e1a501b659468094e7fe02
ef9531f472194ab49a4c1007,6233d723410e4a339b24ffff,25f134ba1fc14c089efeae30
b8eaa41c78b5495d94131e49,a38e66e9bb514d929e40a232,1d5b20d62d124dc1be34173e
dab46829f30d4f62a2a7c12c,0b7933968fcb4fc9974a20f1,9298a8d7081544ed9e70809a
9a03188467594d86a9257d88,c0c8c64be2d643a1a2ca3076,4fb9433cc9fc448caa3e2832
84436644c3044ecd8f9d71bb,4d5b62032ee2480caa3864a3,53bca18b5347428f80fd461d
23b26b1c54334dd69094cf97,52b918159746475ab2c258c2,f963fc246c8346eca93fb3c7
a72c8683720a4e8c865e8d7c,659e49c06dc246f38e35732f,af5664cf0b984f3c9ada7049
f4ada808f0ff468f9127f810,b6f5bfaa924a4dfa9f16568a,474f96bf750d48679359d85a
1424202f9a574a48b3833964,26a836b4c43442d1a42f08ac,cfcbd54388ff4ae7b354d258
55a3f874ae484b838d52cb01,2217e6d9a8ca4eabb7e24ab8,11d848790f7a4aacb1675a1f
48c9d78745d947deaffd7f15,679e134537d74da7b7134e3d,57980234605849cbaa940326
884e2e678fc442108d28b35b,ee4b9eaa3f3b45f09475b87c,b610d893df4f4349aba0ee51
7b2f7d91cc9048988b17e170,604c2d0a6c874bc4982d362a,eb12a0f73ddc4f7c883fca19
47eb4ea7ed3b4b01b97b2820,41ba2ec2735c4f5a9640eeb2,8254993ac9bc45989c4557ee
148f91b5ab3047d9a0b07a19,f5c0d40c5f584195b0a27d97,0bbca23e41ce4f7c8d248a3e
b06c8b5276f4435f993c1eb8,7d2c6c54d63c4c3ea2e22f0d,59add15ce1d449c1a97464c0
9b3cbc33866e4c21aedb956b,639776ff76d0450bb612952e,5ef1b93dbfa84770900c95c3
2be5b87061964579a9666073,20e16dd7d6e54c5f9fdd73db,9ea5c98ccf894329bda1009e
5aeb25148a0945aa95c08552,0b5dd01e04354e408f4fd5f4,f7aaaf57b02b44e5891cd89b
a6a65eb7895b404ba53972f3,e2abf7d3757e4a649f268bbf,9554357acacc454da610fd2f
c7be881e1aff4307a1e0f62d,ea78cd57570e49a4bd3afa13,98711cf464524a19bd47f415
340fed5661b34816ae87ada9,3e7491f429b546ceb715fa39,d12345f73e0c4d20856e3dff
00b8c89583664dda980d0a09,0b42f0d276f042e4af1d9a2f,5fa7c0340d834ccab07c611b
b3984dea35334f5d98a8a3de,d1e25c94a6754d6caa670232,fbb63cc46d2e4767ab4ae1cb
a34f7319aba64a97ae7c204f,88e14fba868e4de7b593bc92,0bcae16a7403495a904e2671
8d56e01066404a7a99edd626,2dd73542235d4d989ba09b0a,7dc0ec804836484f947358db
230d7db2bf974288aab4f36f,51342d6ebc1546f6ad84faa9,72f52bb821af4264b1c2f735
06d2f7aee2e340379de6f09d,ad3f9a4667e9488fba50a3c2,1242ae26db154ab8a763cc9c
08efb41b5f9d46faa6d6d80d,0658e25fdc9c4d0284a479bf,a45fdc35583e486ba356673d
3f224325973c40539a786066,3f44be7b41cd479399ed072d,ba55168b47b0487c824145b2
a2bb5a8a1fdb4a28b8dc05c5,60eaad37597e4d0fa8c83d3c,ec93e9cfebe14c1da2020e6d
a91f241af86f44928f07a264,48becf6c16c24b97800fd55a,84f86a2765c64696bbe2cdb2
8c9df35de7204a16a9ee8c2c,81166df803cb42bb8bceb257,25c4cd0acfeb4f72a57f9d7a
5c98ef63d94d40cb9d3937fb,9822956781a64bdfa7dc62e3,6a08efe380a8444787086a26
7e5db649bcdc49b5a9a3e173,fc2e76c4e25d4bd5a71c17da,bb54d95a423d48e5a7f01019
0e798b051d874d049fcbc5e4,40c97f324fe442008360e799,273163e560ff4d1fa1c2c296
d55919987c754070a6ed725c,ae0f796a75904409b3421d40,15c73c69a33c4a9391ccbcbb
